:020000040800F2
:10000000000002200D4900088D47000895470008B0
:100010009D470008A5470008AD4700080000000004
:10002000000000000000000000000000B5470008CC
:10003000C347000800000000D1470008DF47000860
:100040005D4900085D4900085D4900085D490008F8
:100050005D4900085D4900085D490008EB4700085C
:100060005D490008194800085D4900085D4900081D
:100070005D4900085D4900085D4900085D490008C8
:100080005D4900085D490008474800085D490008CF
:100090005D4900085D4900085D4900085D490008A8
:1000A0005D4900085D4900085D4900085D49000898
:1000B0005D4900085D4900085D4900085D49000888
:1000C0005D4900085D4900085D4900085D49000878
:1000D0005D490008554800085D4900085D49000871
:1000E0005D4900085D4900085D4900085D49000858
:1000F0005D4900085D4900085D4900085D49000848
:100100005D4900085D4900085D4900085D49000837
:100110005D4900085D4900085D4900085D49000827
:100120005D4900085D4900085D4900085D49000817
:100130005D49000800000000000000005D49000863
:100140005D4900085D4900085D4900085D490008F7
:100150005D4900085D4900085D49000869480008DC
:100160005D4900085D4900085D4900085D490008D7
:100170005D4900085D490008000000000000000023
:080180005D4900085D4900081B
:1001900010B5054C237833B9044B13B10448AFF3C1
:1001A00000800123237010BD040200200000000025
:1001B0009C95000808B5034B1BB103490348AFF3F6
:1001C000008008BD00000000080200209C95000887
:1001D00010F8012B11F8013B012A28BF9A42F7D0F1
:1001E000D01A7047034613F8012B002AFBD1181AC6
:1001F000013870470000000000000000000000000F
:1002000001F0FF01102A2BDB10F0070F08D010F8C7
:10021000013B013A8B422DD010F0070F42B3F6D1CB
:10022000F0B441EA012141EA014122F007047FF0E4
:1002300000070023F0E80256083C85EA010586EA3B
:10024000010685FA47F5A3FA87F586FA47F6A5FA77
:1002500087F68EB9EED1F0BC01F0FF0102F0070283
:1002600032B110F8013B013A83EA010313B1F8D12E
:100270000020704701387047002D06BF354603380F
:10028000073815F0010F07D1013015F4807F02BF48
:10029000013015F4C03F0130F0BC0138704700BF99
:1002A00081F0004102E000BF83F0004330B54FEA27
:1002B00041044FEA430594EA050F08BF90EA020F94
:1002C0001FBF54EA000C55EA020C7FEA645C7FEA27
:1002D000655C00F0E2804FEA5454D4EB5555B8BF4A
:1002E0006D420CDD2C4480EA020281EA030382EABB
:1002F000000083EA010180EA020281EA0303362D4D
:1003000088BF30BD11F0004F4FEA01314FF4801C1F
:100310004CEA113102D0404261EB410113F0004F31
:100320004FEA03334CEA133302D0524263EB4303E8
:1003300094EA050F00F0A780A4F10104D5F1200E86
:100340000DDB02FA0EFC22FA05F2801841F10001E1
:1003500003FA0EF2801843FA05F359410EE0A5F1B5
:1003600020050EF1200E012A03FA0EFC28BF4CF0E6
:10037000020C43FA05F3C01851EBE37101F000459C
:1003800007D54FF0000EDCF1000C7EEB00006EEBA9
:100390000101B1F5801F1BD3B1F5001F0CD3490833
:1003A0005FEA30004FEA3C0C04F101044FEA44528A
:1003B00012F5800F80F09A80BCF1004F08BF5FEA11
:1003C000500C50F1000041EB045141EA050130BDF1
:1003D0005FEA4C0C404141EB0101013C28BFB1F503
:1003E000801FE9D291F0000F04BF01460020B1FA4E
:1003F00081F308BF2033A3F10B03B3F120020CDA21
:100400000C3208DD02F1140CC2F10C0201FA0CF0FE
:1004100021FA02F10CE002F11402D8BFC2F1200C63
:1004200001FA02F120FA0CFCDCBF41EA0C01904019
:10043000E41AA2BF01EB0451294330BD6FEA040462
:100440001F3C1CDA0C340EDC04F11404C4F120024D
:1004500020FA04F001FA02F340EA030021FA04F35F
:1004600045EA030130BDC4F10C04C4F1200220FAB6
:1004700002F001FA04F340EA0300294630BD21FAF4
:1004800004F0294630BD94F0000F83F4801306BFBA
:1004900081F480110134013D4EE77FEA645C18BFAE
:1004A0007FEA655C29D094EA050F08BF90EA020F45
:1004B00005D054EA000C04BF1946104630BD91EA3D
:1004C000030F1EBF0021002030BD5FEA545C05D140
:1004D0004000494128BF41F0004130BD14F580047F
:1004E0003CBF01F5801130BD01F0004545F0FE41F3
:1004F00041F470014FF0000030BD7FEA645C1ABF28
:10050000194610467FEA655C1CBF0B46024650EA5E
:10051000013406BF52EA033591EA030F41F400218A
:1005200030BD00BF90F0000F04BF0021704730B510
:100530004FF4806404F132044FF000054FF00001E5
:1005400050E700BF90F0000F04BF0021704730B5A6
:100550004FF4806404F1320410F0004548BF40427B
:100560004FF000013EE700BF42004FEAE2014FEAD0
:1005700031014FEA02701FBF12F07F4393F07F4FAB
:1005800081F06051704732F07F4208BF704793F0AE
:100590007F4F04BF41F40021704730B54FF46074C1
:1005A00001F0004521F000411CE700BF50EA0102C4
:1005B00008BF704730B54FF000050AE050EA01026D
:1005C00008BF704730B511F0004502D5404261EBDD
:1005D00041014FF4806404F132045FEA915C3FF41E
:1005E000D8AE4FF003025FEADC0C18BF03325FEABB
:1005F000DC0C18BF033202EBDC02C2F1200300FA6C
:1006000003FC20FA02F001FA03FE40EA0E0021FA90
:1006100002F11444BDE600BF70B54FF0FF0C4CF47E
:10062000E06C1CEA11541DBF1CEA135594EA0C0F30
:1006300095EA0C0F00F0DEF82C4481EA030621EA6B
:100640004C5123EA4C5350EA013518BF52EA0335A6
:1006500041F4801143F4801338D0A0FB02CE4FF058
:100660000005E1FB02E506F00042E0FB03E54FF088
:100670000006E1FB03569CF0000F18BF4EF0010E80
:10068000A4F1FF04B6F5007F64F5407404D25FEA7C
:100690004E0E6D4146EB060642EAC62141EA55512F
:1006A0004FEAC52040EA5E504FEACE2EB4F1FD0C71
:1006B00088BFBCF5E06F1ED8BEF1004F08BF5FEAEF
:1006C000500E50F1000041EB045170BD06F00046A1
:1006D00046EA010140EA020081EA0301B4EB5C044E
:1006E000C2BFD4EB0C0541EA045170BD41F4801146
:1006F0004FF0000E013C00F3AB8014F1360FDEBF6B
:10070000002001F0004170BDC4F10004203C35DA46
:100710000C341BDC04F11404C4F1200500FA05F3C9
:1007200020FA04F001FA05F240EA020001F000426A
:1007300021F0004110EBD37021FA04F642EB0601E0
:100740005EEA430E08BF20EAD37070BDC4F10C040A
:10075000C4F1200500FA04F320FA05F001FA04F2CE
:1007600040EA020001F0004110EBD37041F10001BA
:100770005EEA430E08BF20EAD37070BDC4F12005C5
:1007800000FA05F24EEA020E20FA04F301FA05F22D
:1007900043EA020321FA04F001F0004121FA04F2D5
:1007A00020EA020000EBD3705EEA430E08BF20EAA5
:1007B000D37070BD94F0000F0FD101F000464000DF
:1007C00041EB010111F4801F08BF013CF7D041EA61
:1007D000060195F0000F18BF704703F00046520065
:1007E00043EB030313F4801F08BF013DF7D043EA36
:1007F0000603704794EA0C0F0CEA135518BF95EAEC
:100800000C0F0CD050EA410618BF52EA4306D1D172
:1008100081EA030101F000414FF0000070BD50EA91
:10082000410606BF1046194652EA430619D094EA1B
:100830000C0F02D150EA013613D195EA0C0F05D105
:1008400052EA03361CBF104619460AD181EA030159
:1008500001F0004141F0FE4141F470014FF0000011
:1008600070BD41F0FE4141F4780170BD70B54FF0AC
:10087000FF0C4CF4E06C1CEA11541DBF1CEA13552C
:1008800094EA0C0F95EA0C0F00F0A7F8A4EB05040E
:1008900081EA030E52EA03354FEA013100F0888005
:1008A0004FEA03334FF0805545EA131343EA1263CE
:1008B0004FEA022245EA111545EA10654FEA002683
:1008C0000EF000419D4208BF964244F1FD0404F53C
:1008D000407402D25B084FEA3202B61A65EB030598
:1008E0005B084FEA32024FF480104FF4002CB6EB55
:1008F000020E75EB030E22BFB61A754640EA0C00D5
:100900005B084FEA3202B6EB020E75EB030E22BF14
:10091000B61A754640EA5C005B084FEA3202B6EB55
:10092000020E75EB030E22BFB61A754640EA9C0014
:100930005B084FEA3202B6EB020E75EB030E22BFE4
:10094000B61A754640EADC0055EA060E18D04FEAA2
:10095000051545EA16754FEA06164FEAC30343EA42
:1009600052734FEAC2025FEA1C1CC0D111F4801F0F
:100970000BD141EA00014FF000004FF0004CB6E708
:1009800011F4801F04BF01430020B4F1FD0C88BFA7
:10099000BCF5E06F3FF6AFAEB5EB030C04BFB6EBB2
:1009A000020C5FEA500C50F1000041EB045170BDA5
:1009B0000EF0004E4EEA113114EB5C04C2BFD4EBD2
:1009C0000C0541EA045170BD41F480114FF0000E56
:1009D000013C90E645EA060E8DE60CEA135594EAD2
:1009E0000C0F08BF95EA0C0F3FF43BAF94EA0C0FD5
:1009F0000AD150EA01347FF434AF95EA0C0F7FF44A
:100A000025AF104619462CE795EA0C0F06D152EA9D
:100A100003353FF4FDAE1046194622E750EA410681
:100A200018BF52EA43067FF4C5AE50EA41047FF492
:100A30000DAF52EA43057FF4EBAE12E74FF0FF3CF7
:100A400006E000BF4FF0010C02E000BF4FF0010CC8
:100A50004DF804CD4FEA410C7FEA6C5C4FEA430C41
:100A600018BF7FEA6C5C1BD001B050EA410C0CBF90
:100A700052EA430C91EA030F02BF90EA020F0020F2
:100A8000704710F1000F91EA030F58BF994208BF59
:100A900090422CBFD8176FEAE37040F00100704716
:100AA0004FEA410C7FEA6C5C02D150EA013C07D16D
:100AB0004FEA430C7FEA6C5CD6D152EA033CD3D0B8
:100AC0005DF8040B704700BF8446104662468C46B2
:100AD0001946634600E000BF01B5FFF7B7FF0028E5
:100AE00048BF10F1000F01BD4DF808EDFFF7F4FF0E
:100AF0000CBF012000205DF808FB00BF4DF808ED99
:100B0000FFF7EAFF34BF012000205DF808FB00BFBB
:100B10004DF808EDFFF7E0FF94BF012000205DF8DD
:100B200008FB00BF4DF808EDFFF7CEFF94BF012092
:100B300000205DF808FB00BF4DF808EDFFF7C4FF8B
:100B400034BF012000205DF808FB00BF4A0011D22D
:100B500012F5001211D20DD56FF47873B3EB625217
:100B60000ED44FEAC12343F0004343EA505323FA23
:100B700002F070474FF00000704750EA013002D198
:100B80004FF0FF3070474FF0000070474FEA4102CE
:100B9000B2F1E04324BFB3F5001CDCF1FE5C0DD9DB
:100BA00001F0004C4FEAC0024CEA5070B2F1004F25
:100BB00040EB830008BF20F00100704711F0804F28
:100BC00021D113F13872BCBF01F00040704741F4ED
:100BD00080114FEA5252C2F11802C2F1200C10FAF1
:100BE0000CF320FA02F018BF40F001004FEAC123D5
:100BF0004FEAD32303FA0CFC40EA0C0023FA02F379
:100C00004FEA4303CCE77FEA625307D150EA01334E
:100C10001EBF4FF0FE4040F44000704701F000401E
:100C200040F0FE4040F40000704700BF53B94AB99D
:100C3000002908BF00281CBF4FF0FF314FF0FF30E4
:100C400000F088B9ADF1080C6DE904CE00F006F8AB
:100C5000DDF804E0DDE9022304B070472DE9F04738
:100C6000089D8E4604468846002B4AD18A42174684
:100C700062D9B2FA82F64EB1C6F1200301FA06F843
:100C800020FA03F3B74043EA0808B4404FEA174E8E
:100C90001FFA87FCB8FBFEF1230C0EFB118843EA18
:100CA000084301FB0CF29A4209D9FB1801F1FF300D
:100CB00080F0EA809A4240F2E78002393B449A1A77
:100CC000A3B2B2FBFEF00EFB102243EA024300FB8C
:100CD0000CFC9C4509D9FB1800F1FF3280F0D6804E
:100CE0009C4540F2D3803B44023840EA0140A3EBEC
:100CF0000C0300211DB1F3400022C5E90032BDE81C
:100D0000F0878B4205D90DB1C5E9000100210846E5
:100D1000F5E7B3FA83F1002946D1734502D3824245
:100D200000F20581841A6EEB030201209046002D2B
:100D3000E5D0C5E90048E2E7002A00F09080B2FA69
:100D400082F6002E40F0A4808A1A030C4FEA174E58
:100D500080B2BCB20121B2FBFEFC0EFB1C2243EAB6
:100D6000024304FB0CF29A4207D9FB180CF1FF383E
:100D700002D29A4200F2E080C4469B1AB3FBFEF214
:100D80000EFB123340EA034302FB04F49C4207D9F2
:100D9000FB1802F1FF3002D29C4200F2CA800246E8
:100DA0001B1B42EA0C40A5E7C1F120068B4022FA4A
:100DB00006F71F430EFA01F420FA06F32EFA06FE98
:100DC0004FEA1749234300FA01F81FFA87FCBEFBDC
:100DD000F9F01C0C09FB10EE44EA0E4400FB0CFE7B
:100DE000A64502FA01F209D93C1900F1FF3A80F058
:100DF0009C80A64540F2998002383C44A4EB0E0446
:100E00001FFA83FEB4FBF9F309FB13444EEA0444D2
:100E100003FB0CFCA44508D93C1903F1FF3E80F00C
:100E20008280A4457FD9023B3C4443EA0040A4EBC6
:100E30000C04A0FB02EC64457346E14662D35FD02C
:100E40005DB1B8EB030264EB090404FA06F622FA7A
:100E500001F31E43CC40C5E9006400214FE7B1FB1C
:100E6000F2FC010C41EA0E4180B240EA01423B46ED
:100E700038463C46B846BE462026B1FBF7F1A2EB09
:100E8000080241EA0C4166E7014618E710462CE7E4
:100E9000C6F120022EFA02F3B740B14020FA02F266
:100EA0004FEA174E0A43B3FBFEF8BCB20EFB1833F1
:100EB000110C41EA034108FB04F9B04089454FEAAF
:100EC000104380B23ED9791808F1FF3C01D2894520
:100ED0001FD8A1EB0901B1FBFEF909FB04F80EFBD9
:100EE000191192B242EA0142424529D2BA1809F1D7
:100EF000FF31C4D24245C2D2A9F102013A44BEE751
:100F0000F0459DD2BEEB02036CEB070C0138E146C5
:100F100096E7A7EB09094944A8F1020CB1FBFEF9D9
:100F200009FB04F8DBE773467FE7504666E70846AF
:100F3000FDE63B44023A33E7ACF1020C3B441CE7CC
:100F400049469CE7A1EB0901C446B1FBFEF909FB48
:100F500004F8C4E7704700BF80B500AF02F024F981
:100F600000F0AAFB02F064FB42F2107007F0CCF92B
:100F700007F0ECF9FCE780B483B000AF786000BF05
:100F80000C37BD465DF8047B704780B483B000AF7A
:100F9000786039607B685B6823F480723B681A4331
:100FA0007B685A6000BF0C37BD465DF8047B704714
:100FB00080B483B000AF786039607B689B6823F0B1
:100FC00070623B6803F070631A437B689A6000BFED
:100FD0000C37BD465DF8047B704780B483B000AF2A
:100FE000786039607B68DB6A23F470023B681A43DF
:100FF0007B68DA6200BF0C37BD465DF8047B704742
:1010000080B489B000AFF860B9607A60FB682C33B7
:101010001946BB6803F440734FF440727A617A69F1
:1010200092FAA2F23A613A69BA61BA69002A01D128
:10103000202203E0BA69B2FA82F2D2B2D3409B0016
:101040000B44FB61FB691A68BB6803F01F031F2197
:1010500001FA03F3DB431A407B6803F01F01BB680E
:1010600003F01F0301FA03F31A43FB691A6000BF80
:101070002437BD465DF8047B704780B483B000AF71
:10108000786039607B689B6823F002023B681A43F2
:101090007B689A6000BF0C37BD465DF8047B7047E3
:1010A00080B483B000AF786039607B689B6823F4BC
:1010B00080623B681A437B689A6000BF0C37BD466C
:1010C0005DF8047B704780B48FB000AFF860B96002
:1010D0007A60FB680C331946BB6803F000734FF06D
:1010E00000727A617A6992FAA2F23A613A69BA6157
:1010F000BA69002A01D1202203E0BA69B2FA82F269
:10110000D2B2D3409B000B447B637B6B1A68BB68F5
:1011100003F0F8734FF0F8713962396A91FAA1F16E
:10112000F961F9697962796A002901D1202103E026
:10113000796AB1FA81F1C9B2CB40072101FA03F310
:10114000DB431A40BB6803F0F8734FF0F871F962A3
:10115000F96A91FAA1F1B962B96A3963396B002968
:1011600001D1202103E0396BB1FA81F1C9B2CB4042
:10117000796801FA03F31A437B6B1A6000BF3C37AE
:10118000BD465DF8047B704780B483B000AF7860E3
:101190007B689B6843F001027B689A6000BF0C3754
:1011A000BD465DF8047B704780B483B000AF7860C3
:1011B0007B689B6823F001027B689A6000BF0C3754
:1011C000BD465DF8047B704780B483B000AF7860A3
:1011D0007B689B6843F080427B689A6000BF0C3755
:1011E000BD465DF8047B704780B483B000AF786083
:1011F0007B68DB6C9BB218460C37BD465DF8047B00
:10120000704780B483B000AF78607B681B6803F0E0
:101210000203022B0CBF01230023DBB218460C375C
:10122000BD465DF8047B704780B483B000AF786042
:101230007B681B6803F02003202B0CBF01230023D5
:10124000DBB218460C37BD465DF8047B704780B4AE
:1012500083B000AF78607B686FF002021A6000BF55
:101260000C37BD465DF8047B704780B483B000AF97
:1012700078607B686FF020021A6000BF0C37BD46B3
:101280005DF8047B704780B483B000AF78607B6802
:101290005B6843F020027B685A6000BF0C37BD4694
:1012A0005DF8047B704780B483B000AF78607B68E2
:1012B0005B6843F080627B685A6000BF0C37BD46B4
:1012C0005DF8047B704780B483B000AF786039600C
:1012D0007B683A689A6100BF0C37BD465DF8047BB5
:1012E000704780B483B000AF786039603B681A04FF
:1012F0007B689A6100BF0C37BD465DF8047B704780
:1013000080B483B000AF78607B681B6843F0010253
:101310007B681A6000BF0C37BD465DF8047B7047E0
:1013200080B483B000AF78607B681B6823F0020252
:101330007B681A6000BF0C37BD465DF8047B7047C0
:1013400080B483B000AF78607B681B6843F0020212
:101350007B681A6000BF0C37BD465DF8047B7047A0
:1013600080B483B000AF78607B681B6843F0800274
:101370007B681A6000BF0C37BD465DF8047B704780
:1013800080B483B000AF786039607B683A689A6255
:1013900000BF0C37BD465DF8047B704780B483B056
:1013A00000AF78607B689B6A18460C37BD465DF8D5
:1013B000047B704780B483B000AF786039607B688D
:1013C0003A68DA6200BF0C37BD465DF8047B7047AF
:1013D00080B483B000AF786039607B681A6A3B687C
:1013E0001A437B681A6200BF0C37BD465DF8047B68
:1013F0007047000080B487B000AFF860B9607A60D1
:10140000BB68012B1CD0BB68042B17D0BB68102B0A
:1014100012D0BB68402B0DD0BB68B3F5807F07D0DE
:10142000BB68B3F5806F01D105230AE0062308E00D
:10143000042306E0032304E0022302E0012300E08A
:101440000023FB75FB6818331946FB7D0E4AD35CFD
:101450000B443B613B691A68FB7D0C49CB5C194628
:1014600073238B40DB431A40FB7D0849CB5C194654
:101470007B688B401A433B691A6000BF1C37BD462E
:101480005DF8047B704700BF609C0008689C000802
:1014900080B487B000AFF860B9607A60BB68012B98
:1014A0001CD0BB68042B17D0BB68102B12D0BB68B4
:1014B000402B0DD0BB68B3F5807F07D0BB68B3F578
:1014C000806F01D105230AE0062308E0042306E02B
:1014D000032304E0022302E0012300E00023FB7564
:1014E000FB681A6AFB7D0B49CB5C194602238B40D3
:1014F000DB431A40FB7D0749CB5C19467B688B4078
:101500001A43FB681A6200BF1C37BD465DF8047BB6
:10151000704700BF709C000880B485B000AF786051
:1015200039603B68012B1CD03B68042B17D03B680B
:10153000102B12D03B68402B0DD03B68B3F5807F59
:1015400007D03B68B3F5806F01D105230AE006237D
:1015500008E0042306E0032304E0022302E0012361
:1015600000E00023FB737B6818331946FB7B0A4AB3
:10157000D35C0B44BB60BB681A68FB7B0749CB5C40
:10158000194608238B401A43BB681A6000BF143702
:10159000BD465DF8047B7047609C0008689C0008AD
:1015A00080B483B000AF786039607B683A685A6372
:1015B00000BF0C37BD465DF8047B704780B483B034
:1015C00000AF786039607B683A689A6300BF0C3777
:1015D000BD465DF8047B704780B483B000AF78608F
:1015E00039607B683A68DA6300BF0C37BD465DF846
:1015F000047B704780B483B000AF786039607B684B
:101600003A681A6400BF0C37BD465DF8047B70472A
:1016100080B485B000AFF860B9607A60FB685B6C3D
:1016200023F44062B9687B680B431A43FB685A6431
:1016300000BF1437BD465DF8047B704780B483B0AB
:1016400000AF78607B685B6C23F480427B685A64EF
:1016500000BF0C37BD465DF8047B704780B483B093
:1016600000AF78607B685B6C43F400427B685A642F
:1016700000BF0C37BD465DF8047B704780B483B073
:1016800000AF78607B68DB6823F001027B68DA607A
:1016900000BF0C37BD465DF8047B704780B400AFD7
:1016A000044B9B6803F4E0531846BD465DF8047B89
:1016B000704700BF00380240B0B5A4B000AF634B24
:1016C000083324220021184607F0E4FA5F4B012278
:1016D0001A725E4B01225A725C4B5D4ADA605B4BB8
:1016E0004FF07C521A61594B5A4A9A61574B5A4AE9
:1016F000DA61564B594A1A62544B19225A85584B93
:10170000083324220021184607F0C4FA544B012262
:101710001A72534B01225A72514B4D4ADA60504BA8
:101720004FF07C521A614E4B4E4A9A614C4B4E4AD6
:10173000DA614B4B4D4A1A62494B0A225A85434B98
:101740004B4A03F12C0415460FCD0FC495E8070052
:1017500084E80700424B474A03F12C0415460FCD9D
:101760000FC495E8070084E8070001F079FD07231E
:10177000C7F88830D7F8880000F01EFC4EF66023CA
:10178000C7F884304EF66023C7F88030D7F8801051
:10179000D7F8840000F05AFC00F020FD002387F801
:1017A0008F301DE0294BD96C97F88F2013465B00D2
:1017B00013445B000B441888244BD96C97F88F2096
:1017C00013465B0013445B00CC1801461F4801F030
:1017D000F5F80346638097F88F30013387F88F3030
:1017E0001A4B93F8533097F88F209A42DAD300239C
:1017F00087F88E301DE01A4BD96C97F88E2013466F
:101800005B0013445B000B441888154BD96C97F8A8
:101810008E2013465B0013445B00CC180146104831
:1018200001F0CCF80346638097F88E30013387F8D7
:101830008E300B4B93F8533097F88E209A42DAD3C0
:1018400000BF00BF9037BD46B0BD00BFC000002044
:101850009A99993EC200002008010020C40000208F
:101860002001002022010020680100202401002026
:10187000B4950008D0950008B0B5A6B000AF786068
:10188000002387F89730002387F89630002387F8E5
:1018900095300023A7F8923007F1970319460320EB
:1018A00001F0F6FC07F196031946042001F0F0FC64
:1018B00007F195031946052001F0EAFC07F19203B0
:1018C0001946012001F0E4FC97F89730002B42D034
:1018D0008B4B5B881846FEF735FE04460D46884B59
:1018E0009B881846FEF72EFE83A3D3E90023FEF75C
:1018F00093FE02460B4620462946FFF713F903469E
:10190000002B37D07E4B93F84930022B19D17C4BFA
:1019100093F85C30002B14D0B7F892301A4607F1D8
:1019200008037849184607F079F9774B1B6807F1E7
:1019300008021146184606F0FBFF714B002283F89F
:101940005C20022387F88B3007F18B0319460020B7
:1019500001F0C0FC0EE097F8973083F00103DBB292
:10196000002B07D0664B002283F8482000216448F2
:1019700000F026FD97F89630002B05D04FF48061DB
:101980006248FFF7A0FC0BE097F8963083F0010364
:10199000DBB2002B04D04FF480615C48FFF7A1FC60
:1019A00097F89530002B07D0554B002283F848203C
:1019B0000021534800F004FD002387F891300023F4
:1019C00087F89030002387F88F300023A7F88C30F9
:1019D00007F1910319460A2001F05AFC07F1900320
:1019E00019460B2001F054FC07F18F0319460C2017
:1019F00001F04EFC07F18C031946082001F048FC69
:101A000097F89130002B42D0414B5B881846FEF787
:101A100099FD04460D463E4B9B881846FEF792FD05
:101A200035A3D3E90023FEF7F7FD02460B46204617
:101A30002946FFF777F80346002B37D0344B93F84D
:101A40004930022B19D1324B93F85C30002B14D063
:101A5000B7F88C301A4607F108032E49184607F0EC
:101A6000DDF8294B1B6807F108021146184606F0FD
:101A70005FFF274B002283F85C20022387F88A301F
:101A800007F18A031946072001F024FC0EE097F8BD
:101A9000913083F00103DBB2002B07D01C4B0022F6
:101AA00083F8482000211A4800F08AFC97F890300B
:101AB000002B04D010211848FFF705FC0AE097F826
:101AC000903083F00103DBB2002B03D010211248C9
:101AD000FFF707FC97F88F30002B07D00C4B002244
:101AE00083F8482000210A4800F06AFC00BF9837BC
:101AF000BD46B0BDAFF30080AE47E17A14AEEF3F14
:101B0000C0000020EC9500082402002000000240E4
:101B100020010020109600080004024080B582B029
:101B200000AF786000F0B0FC00F09AFD00F0C8FD56
:101B300000F014FF00BF0837BD4680BD80B582B0FD
:101B400000AF03460A46FB711346BB80FB79002BAE
:101B500005D13B1D1946012001F0BCFB07E0FB79D4
:101B6000012B04D13B1D1946082001F0B3FB00BF37
:101B70000837BD4680BD80B582B000AF03460A4637
:101B8000FB801346BB80BB1D1946012001F0A2FB60
:101B90003B1D1946082001F09DFB00BF0837BD46DC
:101BA00080BD000090B585B000AF044608461146E0
:101BB0001A462346FB710346BB710B467B711346E5
:101BC0003B710023FB73FB79002B10D00023FB73C8
:101BD00007F10F031946042001F07CFB0123BB73BE
:101BE00007F10E031946002001F074FB07E0002303
:101BF000BB7307F10E031946002001F06BFB0023B5
:101C00007B73BB79002B10D000237B7307F10D038E
:101C100019460B2001F05EFB01233B7307F10C0317
:101C20001946072001F056FB07E000233B7307F13C
:101C30000C031946072001F04DFBFB1D194603203C
:101C400001F048FBBB1D19460A2001F043FB0E4B77
:101C50000022A3F850200D4B0022A3F850200A4B7D
:101C6000002283F84920094B002283F84920064AC4
:101C70007B7982F85C30054A3B7982F85C3000BFA2
:101C80001437BD4690BD00BFC000002020010020D9
:101C900080B584B000AF03460A46FB711346BB71A2
:101CA0000023FB73FB79002B21D1BB79002B10D0D3
:101CB0000023FB7307F10F031946032001F00AFB11
:101CC0000323BB7307F10E031946002001F002FB4A
:101CD00007E00023BB7307F10E031946002001F053
:101CE000F9FABB1D1946042001F0F4FA23E0FB7950
:101CF000012B20D1BB79002B10D00023FB7307F1FF
:101D00000F0319460A2001F0E5FA0323BB7307F11C
:101D10000E031946072001F0DDFA07E00023BB732C
:101D200007F10E031946072001F0D4FABB1D19462E
:101D30000B2001F0CFFA00BF1037BD4680BD80B543
:101D400084B000AF03460A46FB711346BB71002303
:101D5000FB73FB79002B10D00023FB7307F10F03FB
:101D60001946032001F0B6FA0323BB7307F10E03F3
:101D70001946002001F0AEFA07E00023BB7307F11B
:101D80000E031946002001F0A5FAFB1D1946042098
:101D900001F0A0FA00237B73BB79002B10D0002345
:101DA0007B7307F10D0319460A2001F093FA032310
:101DB0003B7307F10C031946072001F08BFA07E08B
:101DC00000233B7307F10C031946072001F082FA48
:101DD000BB1D19460B2001F07DFA00BF1037BD4630
:101DE00080BD80B584B000AF0346FB710023FB814A
:101DF000FB79002B06D107F10E031946012001F0F3
:101E000047FA08E0FB79012B05D107F10E031946CB
:101E1000082001F03DFAFB8918461037BD4680BD09
:101E200080B584B000AF0346FB710023FB73FB79E0
:101E3000002B06D107F10F031946032001F028FA01
:101E400008E0FB79012B05D107F10F0319460A20A1
:101E500001F01EFAFB7B18461037BD4680BD80B5E9
:101E600084B000AF0346FB710023FB73FB79002BAA
:101E700006D107F10F031946042001F009FA08E022
:101E8000FB79012B05D107F10F0319460B2001F057
:101E9000FFF9FB7B18461037BD4680BD80B586B084
:101EA00000AF0346FB710023FB820023FB81FB791B
:101EB000002B12D1184B3B61174B5B88FB82FB8ACE
:101EC0001946154800F095FD0346FB8107F10E0306
:101ED0001946022001F0FEF914E0FB79012B11D123
:101EE0000E4B3B610D4B5B88FB82FB8A19460B480E
:101EF00000F07FFD0346FB8107F10E031946092020
:101F000001F0E8F9FB8A1946386900F072FD0346D2
:101F100018461837BD4680BDC000002020010020B3
:101F200098B500AF2148FFF77FF90346012B14D184
:101F30001E48FFF79AF91E4B00221A701B48FFF744
:101F400033F900BF00BF00BF00BF00BF00BF17488C
:101F5000FFF71AF91548FFF737F91448FFF751F959
:101F60000346012B20D11148FFF771F9104B1B7864
:101F7000DBB21A460F4B53F822400C48FFF734F9F6
:101F8000034663800A4B1B78DBB21A46094B53F8B1
:101F90002230184600F034F9054B1B78DBB283F091
:101FA0000103DAB2024B1A7000BF98BD0020014055
:101FB000200200208001002080B582B000AF786050
:101FC0001F4B00221A704FF480111E48FFF705F8CE
:101FD0001D4A4FF400711B48FFF712F80A2240F225
:101FE00005211848FFF70CF87A6817491548FFF7DC
:101FF0006AF87A680A211348FFF765F84FF4807190
:102000001048FEF7C2FF02210E48FFF736F80D48D0
:10201000FFF749F90B48FFF736F94FF4806109489B
:10202000FFF73EF80748FFF7AFF800210548FEF735
:10203000BFFF0448FFF7C8F800BF0837BD4680BDA2
:1020400020020020002001400C00600080B582B01A
:1020500000AF786039605A4805F036FF594BDB6AAB
:10206000584A116B60221846FFF7C4F9554BDB6ADA
:10207000544A116B00221846FFF70AFA514BDB6AEB
:10208000504A126B11461846FFF746FA4D4BDB6A71
:102090004C4A126B11461846FFF79AF9494BDB6A16
:1020A0004FF400624FF480611846FFF7B1FA454BD8
:1020B000DB6A1846FFF7C2FA424BDB6A1846FFF7A5
:1020C000CDFA404BDB6A00211846FFF759F93D4B2A
:1020D000DB6A1846FFF744F979683A4800F01CF9C2
:1020E000384BDB6A1846FFF7C9FA374805F0ECFEB3
:1020F000364BDB6A354A116B60221846FFF77AF9D6
:10210000324BDB6A314A116B00221846FFF7C0F9E7
:102110002E4BDB6A2D4A126B11461846FFF7FCF96D
:102120002A4BDB6A294A126B11461846FFF750F911
:10213000264BDB6A4FF400624FF480611846FFF7CC
:1021400067FA224BDB6A1846FFF778FA1F4BDB6A07
:102150001846FFF783FA1D4BDB6A00211846FFF78C
:102160000FF91A4BDB6A1846FFF7FAF83968174877
:1021700000F0D2F8154BDB6A1846FFF77FFA4FF4F0
:1021800000711348FFF79FF804211248FFF79BF8EE
:102190004FF480610E48FFF7A4F810210E48FFF7B6
:1021A000A0F8084BDB6A1846FFF7AAF8074BDB6A72
:1021B0001846FFF7A5F800BF0837BD4680BD00BF31
:1021C000C8000020C00000202801002020010020BD
:1021D00000000240000C02400004024080B500AF45
:1021E0004FF480610448FFF77CF810210348FFF7A3
:1021F00078F800BF80BD00BF00000240000402402C
:10220000B0B586B000AF78600023FB737B683F4AAF
:10221000934206D107F10F0319460A2001F038F85E
:1022200009E07B683A4A934205D107F10F0319464A
:10223000032001F02DF8FB7B002B62D07B68083374
:10224000184605F097FE7B682C337B617B6893F81A
:102250004830DBB23B617B699B691846FEF762F947
:1022600004460D463869FEF75DF94FF00002294B30
:10227000FEF7FCFA02460B4620462946FEF7CCF94B
:1022800002460B4610461946FEF760FC02467B6983
:102290005A617B695B68B3F5805F28D0B3F5805FD6
:1022A0002ED8B3F5807F19D0B3F5807F28D8012BC5
:1022B00002D0102B09D023E07B691A687B695B6927
:1022C00019461046FFF76CF91BE07B691A687B69B9
:1022D0005B6919461046FFF771F912E07B691A68CD
:1022E0007B695B6919461046FFF776F909E07B695F
:1022F0001A687B695B6919461046FFF77BF900E0B5
:1023000000BF00BF1837BD46B0BD00BF2001002090
:10231000C00000200000594090B52DED028B85B023
:1023200000AF786039607B682C33FB60FB681B680A
:102330001846FFF705F81F4B1B681F4A127823FA4F
:1023400002F4FFF7ABF903469B0A1C4AD35C24FA5C
:1023500003F307EE903AB8EE678AFB681B681846ED
:10236000FFF71CF80346013307EE903AB8EE677AA0
:102370003B6807EE903AF8EE677A27EE277AC8EEC8
:10238000077AFCEEE77A17EE902AFB689A61FB6801
:102390001A68FB689B6919461046FFF70BF8FB6843
:1023A0001B681846FEF7BCFF00BF1437BD46BDECE6
:1023B000028B90BD90010020289E0008389E0008E6
:1023C000B0B584B000AF786039607B682C33FB60B7
:1023D000FB689B691846FEF7A5F804460D46386869
:1023E000FEF7A0F84FF00002264BFEF73FFA024638
:1023F0000B4620462946FEF70FF902460B461046CB
:102400001946FEF7A3FB0246FB685A61FB685B684E
:10241000B3F5805F28D0B3F5805F2ED8B3F5807F09
:1024200019D0B3F5807F28D8012B02D0102B09D00A
:1024300023E0FB681A68FB685B6919461046FFF7E2
:10244000AFF81BE0FB681A68FB685B691946104629
:10245000FFF7B4F812E0FB681A68FB685B6919467D
:102460001046FFF7B9F809E0FB681A68FB685B697A
:1024700019461046FFF7BEF800E000BF00BF103756
:10248000BD46B0BD0000594080B582B000AF00230A
:10249000BB71BB1D1946032000F0FAFEBB7983F027
:1024A0000103DBB2002B40F0CE806B4B93F8493038
:1024B000022B00F0C080022B00F3C780002B02D05B
:1024C000012B49D0C1E0644BB3F85030002B11D13F
:1024D00005220021614805F018FE05215E4800F044
:1024E000A3FA5D4BB3F8503001339AB25A4BA3F8BC
:1024F0005020ADE0584BB3F85030B3F57A6F08D2A6
:10250000554BB3F8503001339AB2534BA3F85020D7
:102510009EE00023FB7114E04F4B59884E4BD86C62
:10252000FA7913465B0013445B0003445B889942CD
:1025300004D8494AFB7982F8523008E0FB7901332C
:10254000FB71454B93F85330FA799A42E4D3424BEE
:10255000012283F849207BE07B1D1946002000F012
:1025600097FE7B79022B72D1BB1C1946012000F02B
:102570008FFE394BDA6C384B93F8523019460B46C4
:102580005B000B445B0013441A887B889A4230D26C
:10259000314BDA6C304B93F8523019460B465B00E6
:1025A0000B445B0013441B791A4600212B4805F0AD
:1025B000ACFD294BDA6C284B93F8523019460B4688
:1025C0005B000B445B0013441B881946224800F053
:1025D0002BFA01237B717B1D1946002000F07AFE47
:1025E0001D4B93F852300133DAB21B4B83F8522063
:1025F0002EE0194BDA6C184B93F8523019460B4603
:102600005B000B445B0013441B791A4600211348FE
:1026100005F07BFD7B8819460F4800F005FA012381
:102620007B717B1D1946002000F054FE0A4B0222EC
:1026300083F849200CE07B1D1946002000F028FE9D
:102640007B79022B01E000BF02E000BF00E000BF89
:102650000837BD4680BD00BFC0000020C800002074
:1026600080B582B000AF0023FB71FB1D194604202A
:1026700000F00EFEFB7983F00103DBB2002B15D1D5
:102680000C4B5B88142B12D80B4B1B680B4918465C
:1026900006F04EF900210020FFF7FAFA0423BB717F
:1026A000BB1D1946002000F015FE00E000BF0837F2
:1026B000BD4680BDC00000202402002034960008E2
:1026C000B0B584B000AF00237B717B1D19460A2092
:1026D00000F0DEFD7B7983F00103DBB2002B40F0DC
:1026E0002481994B93F84930032B00F2208101A2F9
:1026F00052F823F0052700089727000877280008DC
:102700002F290008904BB3F85030002B11D105222F
:1027100000218E4805F0F9FC05218B4800F084F972
:10272000894BB3F8503001339AB2874BA3F850204D
:1027300002E1854BB3F85030B3F57A6F08D2824B83
:10274000B3F8503001339AB27F4BA3F85020F3E036
:102750000023FB7314E07C4B59887B4BD86CFA7BCD
:1027600013465B0013445B0003445B88994204D822
:10277000754AFB7B82F8523008E0FB7B0133FB7328
:10278000714B93F85330FA7B9A42E4D36E4B01229B
:1027900083F84920D0E03B1D1946072000F078FD62
:1027A0003B79022B40F0C580BB1C1946082000F085
:1027B0006FFD654BDA6C644B93F8523019460B464B
:1027C0005B000B445B0013441A887B889A4230D22A
:1027D0005D4BDA6C5C4B93F8523019460B465B004C
:1027E0000B445B0013441B791A460021574805F03F
:1027F0008CFC554BDA6C544B93F8523019460B460F
:102800005B000B445B0013441B8819464E4800F0E4
:102810000BF901233B713B1D1946072000F05AFDBF
:10282000494B93F852300133DAB2474B83F85220C8
:1028300082E0454BDA6C444B93F8523019460B4614
:102840005B000B445B0013441B791A4600213F4890
:1028500005F05BFC7B8819463B4800F0E5F8012356
:102860003B713B1D1946072000F034FD364B022218
:1028700083F8492060E03B1D1946072000F008FD61
:102880003B79022B57D17B8807EE903AF8EE677AB6
:1028900017EE900AFDF768FE4FF000022C4BFDF793
:1028A000BBFE02460B4614461D467B8807EE903A57
:1028B000F8EE677A17EE900AFDF756FE4FF0000229
:1028C000244BFDF7F3FC02460B4620462946FDF754
:1028D000CDFF02460B4610461946FEF757F9034650
:1028E000BB60B868FDF740FE15A3D3E90023FDF7F0
:1028F00093FE02460B46104619464FF00002164B57
:10290000FDF7D4FC02460B4610461946FEF71EF9A9
:102910000346FB80FB881A4600210C4805F0F5FBB6
:10292000094B032283F8492006E000BF04E000BF02
:1029300002E000BF00E000BF1037BD46B0BD00BFE1
:10294000B174BFBC60CDF13F200100202801002000
:102950000000594000005E400000E03F80B582B0BA
:1029600000AF0023FB71FB1D19460B2000F090FC0B
:10297000FB7983F00103DBB2002B15D10C4B5B8894
:102980003C2B12D80B4B1B680B49184605F0D0FFA7
:1029900000210120FFF77CF90423BB71BB1D194600
:1029A000072000F097FC00E000BF0837BD4680BD5F
:1029B00020010020240200205896000880B483B033
:1029C00000AF78600B467B807B8807EE903AF8EE8C
:1029D000E76A7B6893ED167AC6EE877AFCEEE77AB3
:1029E00017EE903A9BB218460C37BD465DF8047B53
:1029F000704780B483B000AF78600B467B807B88E3
:102A000007EE903AB8EEE77A7B68D3ED167A67EE78
:102A1000277AFCEEE77A17EE903A9BB218460C370D
:102A2000BD465DF8047B704780B582B000AF78602A
:102A30000B467B807B8819467868FFF7BFFF03460B
:102A40001A467B689A8000BF0837BD4680BD0000EB
:102A500080B400AFBFF34F8F00BF064BDB6803F4B9
:102A6000E0620449044B1343CB60BFF34F8F00BFB8
:102A700000BFFDE700ED00E00400FA0580B588B076
:102A800000AFF860B9607A6007F11403074A0A21C1
:102A9000184606F08DF807F114031946F86803F09C
:102AA000ABFC00BF2037BD4680BD00BF6C9800085E
:102AB00080B584B000AFF860B9607A60FFF7C8FFF6
:102AC00080B588B000AFF860B9607A60B86803F08C
:102AD00097FD0346BB61BB69012B04DC3249F868F2
:102AE00003F08AFC5DE0BB69022B04DD2F49F86826
:102AF00003F082FC55E00121B86803F04BFD03466A
:102B0000184605F0CCFF03463B610221B86803F08C
:102B100041FD0346184605F0C2FF03467B613B6951
:102B2000B3F5AF7F02DC3B69002B04DA2049F8687B
:102B300003F062FC35E07B693C2B02DC7B69002BF7
:102B400004DA1B49F86803F057FC2AE00023FB77FE
:102B50000020FFF765F90346002B05D01549F868FA
:102B600003F04AFC0123FB770120FFF759F90346E4
:102B7000002B05D01049F86803F03EFC0123FB77D9
:102B8000FB7F012B0CD03B699BB27A6992B2114654
:102B90001846FEF7F0FF0949F86803F02DFC00E045
:102BA00000BF2037BD4680BD74980008909800088B
:102BB000AC980008C4980008089900084C990008CF
:102BC00080B586B000AFF860B9607A60B86803F08D
:102BD00017FD03467B617B69002B04DC1D49F86807
:102BE00003F00AFC32E07B69012B04DD1A49F86826
:102BF00003F002FC2AE00121B86803F0CBFC034695
:102C0000184605F04CFF38613B69B3F5AF7F02DC35
:102C10003B69002B04DA1149F86803F0EDFB15E07D
:102C20000020FFF7FDF80346002B04D00C49F8689C
:102C300003F0E2FB0AE03B699BB219460020FEF775
:102C40007DFF0849F86803F0D7FB00BF1837BD4681
:102C500080BD00BF749800085C990008AC9800081B
:102C6000C49800084C99000880B586B000AFF860A1
:102C7000B9607A60B86803F0C3FC03467B617B6986
:102C8000002B04DC1C49F86803F0B6FB31E07B69DB
:102C9000012B04DD1949F86803F0AEFB29E001219E
:102CA000B86803F077FC0346184605F0F8FE386173
:102CB0003B693C2B02DC3B69002B04DA1049F868C5
:102CC00003F09AFB15E00120FFF7AAF80346002B5A
:102CD00004D00C49F86803F08FFB0AE03B699BB213
:102CE00019460120FEF72AFF0749F86803F084FB24
:102CF00000BF1837BD4680BD749800085C99000875
:102D0000AC980008089900084C99000880B58AB072
:102D100000AFF860B9607A60B86803F071FC0346F0
:102D20003B623B6A012B04DC4349F86803F064FB17
:102D30007EE03B6A022B04DD4049F86803F05CFB4F
:102D400076E00121B86803F025FC0346184605F03B
:102D5000A6FE03467B610221B86803F01BFC034614
:102D6000184605F09CFE0346BB617B69012B02DC23
:102D70007B69002B04DA3249F86803F03DFB57E029
:102D8000BB69012B02DCBB69002B04DA2C49F86813
:102D900003F032FB4CE0002387F827307B69012BDE
:102DA00014D10020FFF71DF80346FB830020FFF736
:102DB00075F80346BB83FA8BBB8B9A4206D2214936
:102DC000F86803F019FB012387F82730BB69012B52
:102DD00014D10120FFF705F80346FB830120FFF71C
:102DE0005DF80346BB83FA8BBB8B9A4206D2164929
:102DF000F86803F001FB012387F8273097F82730A4
:102E0000012B14D07B69002B14BF01230023D8B2FF
:102E1000BB69002B14BF01230023D9B20123012277
:102E2000FEF7C0FE0949F86803F0E6FA00E000BFCB
:102E30002837BD4680BD00BF749800085C99000823
:102E4000AC98000878990008CC9900084C990008C3
:102E500080B588B000AFF860B9607A60B86803F0F8
:102E6000CFFB0346FB61FB69012B04DC2749F868B3
:102E700003F0C2FA46E0FB69022B04DD2449F8683E
:102E800003F0BAFA3EE00121B86803F083FB034681
:102E9000184605F004FE03467B610221B86803F082
:102EA00079FB0346184605F0FAFD0346BB617B69D2
:102EB000012B02DC7B69002B04DA1649F86803F069
:102EC0009BFA1FE0BB69012B02DCBB69002B04DA13
:102ED0001049F86803F090FA14E07B69002B14BFE6
:102EE00001230023DAB2BB69002B14BF01230023A6
:102EF000DBB219461046FEF722FF0749F86803F0D7
:102F00007BFA00BF2037BD4680BD00BF7498000823
:102F10005C990008AC980008209A000880B596B02B
:102F200000AFF860B9607A60B86803F069FB0346E7
:102F30007B657B6D002B04D01149F86803F05CFAC7
:102F40001AE00020FEF74DFF0346A7F8523001209B
:102F5000FEF747FF0346A7F85030B7F85220B7F8FE
:102F6000503007F11000074905F058FE07F1100333
:102F70001946F86803F040FA5837BD4680BD00BFD7
:102F80005C990008309A000880B586B000AFF86000
:102F9000B9607A60B86803F033FB03467B617B69F4
:102FA000002B04D01249F86803F026FA1DE0002037
:102FB000FEF736FF0346002B04D00E49F86803F0F5
:102FC0001BFA03E00C49F86803F016FA0120FEF73B
:102FD00027FF0346002B04D00849F86803F00CFAD9
:102FE00003E00749F86803F007FA1837BD4680BDCB
:102FF0005C990008649A00087C9A0008989A000876
:10300000B09A000880B586B000AFF860B9607A6009
:10301000B86803F0F5FA03467B617B69002B04D0A6
:103020001249F86803F0E8F91DE00020FEF717FFE9
:103030000346002B04D00E49F86803F0DDF903E0E5
:103040000C49F86803F0D8F90120FEF708FF0346A1
:10305000002B04D00849F86803F0CEF903E00749D3
:10306000F86803F0C9F91837BD4680BD5C990008BF
:10307000CC9A0008E89A0008089B0008249B0008E6
:1030800080B5A0B000AFF860B9607A60B86803F0AE
:10309000B7FA0346FB67FB6F002B04D02F49F86893
:1030A00003F0AAF956E00020FEF79BFE0346A7F8BE
:1030B0007A300120FEF795FE0346A7F87830B7F87E
:1030C0007A20B7F8783007F11400254905F0A6FDFD
:1030D00007F114031946F86803F08EF90020FEF793
:1030E0009FFE0346002B04D01E49F86803F084F9C4
:1030F00003E01D49F86803F07FF90120FEF790FE18
:103100000346002B04D01949F86803F075F903E071
:103110001749F86803F070F90020FEF7A0FE034697
:10312000002B04D01349F86803F066F903E0124954
:10313000F86803F061F90120FEF791FE0346002BC9
:1031400004D00E49F86803F057F903E00C49F86819
:1031500003F052F98037BD4680BD00BF5C9900087E
:10316000309A0008649A00087C9A0008989A00082F
:10317000B09A0008CC9A0008E89A0008089B00085A
:10318000249B000880B400AF024B1846BD465DF892
:10319000047B7047789C000880B400AF0C2318466D
:1031A000BD465DF8047B704780B584B004AF4FF432
:1031B000007303934FF4007302930E4B01930E4B75
:1031C000009347230D4A0E490E4805F038FB4FF493
:1031D00000620D490B4802F025FF03460B4A1360BD
:1031E0000B49084805F0A4FB0A4B064A1A6000BFC9
:1031F000BD4680BD940400209402002000140140CC
:10320000489B00082802002094060020940E00200D
:10321000549B00082402002080B584B000AF786081
:103220000BE00D4805F050FB0346FB730B4B1B688E
:10323000FA7B1146184603F02BF8074805F0ACFB63
:103240000346002BEDD1054B1B68184603F043F8ED
:1032500000BF1037BD4680BD28020020940E00201C
:1032600080B500AF16220021084805F013FD074B7A
:1032700000221A70054B00229A80044B00229A7299
:10328000024B0022DA8100BF80BD00BF980E0020F3
:1032900080B582B000AF03463960FB71FB790F2B1C
:1032A00002D83B68002B01D100230DE0FB79084ACE
:1032B00052F83310FB79064ADB0013445B681A4668
:1032C000386805F03BFD012318460837BD4680BD30
:1032D000989D000880B582B000AF03463960FB714D
:1032E000FB790F2B02D83B68002B01D100230DE0A6
:1032F000FB79084A52F83300FB79064ADB00134495
:103300005B681A46396805F019FD0123184608372D
:10331000BD4680BD989D000880B588B000AF9C4B2D
:103320001B681B78092B00F22D8101A252F823F0B3
:10333000593300089D330008C5330008ED330008F9
:103340001D34000885350008533500082135000874
:1033500087340008513400088D4B1B685B781BB222
:103360001B021AB28A4B1B689B781BB213431BB219
:103370007B81874B1B68DB781BB21B021AB2844B24
:103380001B681B791BB213431BB23B813A897B89B3
:1033900011461846FEF7EFFB0123F4E07C4B1B6857
:1033A0005B781BB21B021AB2794B1B689B781BB26D
:1033B00013431BB2BB81BB8919460020FEF7BEFB3D
:1033C0000123E0E0724B1B685B781BB21B021AB250
:1033D0006F4B1B689B781BB213431BB2FB81FB89AD
:1033E00019460120FEF7AAFB0123CCE0684B1B68BD
:1033F0005B78002B14BF012300237B74644B1B6894
:103400009B78002B14BF012300233B74797C787CCC
:1034100001230122FEF7C6FB0123B4E05C4B1B68CD
:103420005B78FB745A4B1B689B78BB74FB7C002B4E
:1034300014BF01230023DAB2BB7C002B14BF01238D
:103440000023DBB219461046FEF779FC01239AE00F
:10345000FB1D19460520FFF71BFFBB1D19460C205D
:10346000FFF716FF4B4B1B6809221A70494B1B686C
:10347000FA795A70474B1B68BA799A70032000F0AA
:103480008BF801237FE00020FEF7ABFC0346FB83B3
:103490000120FEF7A6FC0346BB830020FEF7C0FC1C
:1034A0000346FB760020FEF7DAFC0346BB760120DC
:1034B000FEF7B6FC03467B760120FEF7D0FC034600
:1034C0003B76344B1B6808221A70FB8B1B0A9AB29E
:1034D000304B1B68D2B25A702E4B1B68FA8BD2B29B
:1034E0009A70FB8B1B0A9AB22A4B1B68D2B2DA7015
:1034F000284B1B68FA8BD2B21A71264B1B68FA7ED6
:103500005A71244B1B68BA7EDA71224B1B687A7E93
:103510009A71204B1B683A7E1A72092000F03CF821
:103520000020FEF77DFC0346FB750120FEF778FCCA
:103530000346BB75174B1B6807221A70154B1B6897
:10354000FA7D5A70134B1B68BA7D9A70032000F005
:1035500023F80020FEF783FC03467B750120FEF76D
:103560007EFC03463B750B4B1B6807221A70094B08
:103570001B687A7D5A70074B1B683A7D9A7003204E
:1035800000F00AF8002318462037BD4680BD00BF72
:103590008C0100208801002080B58AB000AF03466E
:1035A000FB711F4BCA221A701E4B1A781C4B5A70A3
:1035B0001B4B02229A701A4AFB79D370184B0722D0
:1035C0001A71174BEF2283F80021154BDB78043377
:1035D0001A461549002004F099F903469AB2104B97
:1035E000A3F8FE2007F10C0300221A605A609A60CB
:1035F000DA601A615A611A7607F10B0207F10C03BF
:103600001946074804F0CEF9FA7A07F10C03194677
:10361000064805F0A5F900BF2837BD4680BD00BFAC
:103620001C100020D01200201D100020B00E002021
:1036300080B584B004AF8023039380230293124BA0
:103640000193124B00932523114A1249124805F0A9
:10365000F6F8124B124A5A60104B80221A800F4B18
:1036600000221A810D4B1B88002B06D00B4B5B6888
:1036700004220021184605F00DFB012004F082F918
:1036800000BFBD4680BD00BF9C0F00201C0F002066
:10369000001001405C9B0008B00E002024120020A6
:1036A0003012002080B584B000AF78600023FB7337
:1036B0003223FB7347E02A4805F006F90346DAB2E5
:1036C000284B9A72274B9B7ADBB2CA2B03D1254B2E
:1036D00000221A8134E0234B9B7ADBB2EF2B14D10A
:1036E000204B5B681F4A128992B2D1B21E4A18461B
:1036F00004F08EFA0346BB73BB7B012B01D1FFF7AD
:103700000BFE184B00221A811AE0164B5B68154A13
:10371000128992B21344134A927AD2B21A70114BA0
:103720001B899BB201339AB20E4B1A810D4B1B8938
:103730009AB20C4B1B889A4202D90A4B00221A817A
:10374000FB7B013BFB73064805F026F90346002B83
:1037500002D0FB7B002BAED100BF1037BD4680BD31
:10376000B00E0020241200202011002080B485B06B
:1037700000AF78607B6803F00703FB600C4BDB68ED
:10378000BB60BA684FF6FF031340BB60FB681A02C8
:10379000BB68134343F0BF6343F40033BB60044A88
:1037A000BB68D36000BF1437BD465DF8047B70472B
:1037B00000ED00E080B400AF044BDB681B0A03F0AF
:1037C00007031846BD465DF8047B704700ED00E036
:1037D00080B483B000AF0346FB7197F90730002B2C
:1037E0000BDBFB7903F01F02074997F907305B09F0
:1037F000012000FA02F241F8232000BF0C37BD4639
:103800005DF8047B704700BF00E100E080B483B046
:1038100000AF03463960FB7197F90730002B0ADBD4
:103820003B68DAB20C4997F907301201D2B20B4467
:1038300083F800230AE03B68DAB20849FB7903F019
:103840000F03043B1201D2B20B441A7600BF0C37AF
:10385000BD465DF8047B704700E100E000ED00E04C
:1038600080B489B000AFF860B9607A60FB6803F09B
:103870000703FB61FB69C3F10703042B28BF042383
:10388000BB61FB690433062B02D9FB69033B00E0F3
:1038900000237B614FF0FF32BB6902FA03F3DA4386
:1038A000BB681A407B699A404FF0FF317B6901FA8F
:1038B00003F3D9437B680B40134318462437BD46B6
:1038C0005DF8047B704780B489B000AFF860B960E0
:1038D0007A60FB682C331946BB6803F440734FF4DD
:1038E00040727A617A6992FAA2F23A613A69BA61EF
:1038F000BA69002A01D1202203E0BA69B2FA82F241
:10390000D2B2D3409B000B44FB61FB691A68BB68D1
:1039100003F01F031F2101FA03F3DB431A407B6806
:1039200003F01F01BB6803F01F0301FA03F31A43FE
:10393000FB691A6000BF2437BD465DF8047B704701
:1039400080B483B000AF786039607B689B6823F4F3
:1039500080623B681A437B689A6000BF0C37BD46A3
:103960005DF8047B704780B48FB000AFF860B96039
:103970007A60FB680C331946BB6803F000734FF0A4
:1039800000727A617A6992FAA2F23A613A69BA618E
:10399000BA69002A01D1202203E0BA69B2FA82F2A0
:1039A000D2B2D3409B000B447B637B6B1A68BB682D
:1039B00003F0F8734FF0F8713962396A91FAA1F1A6
:1039C000F961F9697962796A002901D1202103E05E
:1039D000796AB1FA81F1C9B2CB40072101FA03F348
:1039E000DB431A40BB6803F0F8734FF0F871F962DB
:1039F000F96A91FAA1F1B962B96A3963396B0029A0
:103A000001D1202103E0396BB1FA81F1C9B2CB4079
:103A1000796801FA03F31A437B6B1A6000BF3C37E5
:103A2000BD465DF8047B704780B400AF054B1B6852
:103A3000044A43F48033136000BFBD465DF8047B45
:103A4000704700BF0038024080B400AF074B1B68CE
:103A500003F40033B3F5003F0CBF01230023DBB2B6
:103A60001846BD465DF8047B704700BF0038024031
:103A700080B483B000AF7860064B9B6823F00302EC
:103A800004497B6813438B6000BF0C37BD465DF86B
:103A9000047B70470038024080B400AF044B9B6841
:103AA00003F00C031846BD465DF8047B704700BF69
:103AB0000038024080B483B000AF7860064B9B684A
:103AC00023F0F00204497B6813438B6000BF0C377E
:103AD000BD465DF8047B70470038024080B483B077
:103AE00000AF7860064B9B6823F4E05204497B6882
:103AF00013438B6000BF0C37BD465DF8047B7047F5
:103B00000038024080B483B000AF7860064B9B68F9
:103B100023F4604204497B6813438B6000BF0C3779
:103B2000BD465DF8047B70470038024080B400AFAA
:103B3000054B1B68044A43F08073136000BFBD4609
:103B40005DF8047B704700BF0038024080B400AFCE
:103B5000074B1B6803F00073B3F1007F0CBF012318
:103B60000023DBB21846BD465DF8047B704700BFFA
:103B70000038024080B485B000AFF860B9607A6068
:103B80003B600D4B5A680D4B1340F968BA681143FE
:103B90007A6892010A43084913434B60064B5B68FD
:103BA00023F4403204493B6813434B6000BF143791
:103BB000BD465DF8047B7047003802400080BFFFBF
:103BC00080B485B000AF7860084B1A6B07497B68FA
:103BD00013430B63054B1A6B7B681340FB60FB6858
:103BE00000BF1437BD465DF8047B704700380240C3
:103BF00080B485B000AF7860084B1A6C07497B68C9
:103C000013430B64054B1A6C7B681340FB60FB6825
:103C100000BF1437BD465DF8047B70470038024092
:103C200080B485B000AF7860084B5A6C07497B6858
:103C300013434B64054B5A6C7B681340FB60FB6875
:103C400000BF1437BD465DF8047B70470038024062
:103C500080B487B000AF78603960174A3B68DBB248
:103C6000023352F823203B681B0CDB4302EA0301BA
:103C70003B681B0C3B613B6993FAA3F3FB60FB6859
:103C80007B617B69002B01D1202303E07B69B3FAC0
:103C900083F3DBB21A467B6803FA02F206483B68FC
:103CA000DBB20A43023340F8232000BF1C37BD4675
:103CB0005DF8047B704700BF0038014080B483B0DA
:103CC00000AF7860064B1B6823F0070204497B684D
:103CD00013430B6000BF0C37BD465DF8047B704793
:103CE000003C024080B400AF044B1B6803F00703A4
:103CF0001846BD465DF8047B704700BF003C02409B
:103D000080B483B000AF7860064B1B6823F4804218
:103D100004497B6813430B6000BF0C37BD465DF858
:103D2000047B70470070004080B400AF074B5B68B5
:103D300003F48043B3F5804F0CBF01230023DBB2B3
:103D40001846BD465DF8047B704700BF0070004018
:103D500080B483B000AF78607B681B6823F080027A
:103D60007B681A6000BF0C37BD465DF8047B704766
:103D700080B485B000AF786039603B68012B1CD0FF
:103D80003B68042B17D03B68102B12D03B68402BAC
:103D90000DD03B68B3F5807F07D03B68B3F5806FEB
:103DA00001D105230AE0062308E0042306E00323EB
:103DB00004E0022302E0012300E00023FB737B68A0
:103DC00018331946FB7B0B4AD35C0B44BB60BB68C2
:103DD0001A68FB7B0849CB5C194604238B40DB4304
:103DE0001A40BB681A6000BF1437BD465DF8047BFB
:103DF000704700BF189E0008209E000880B485B060
:103E000000AF786039603B68012B1CD03B68042B05
:103E100017D03B68102B12D03B68402B0DD03B686D
:103E2000B3F5807F07D03B68B3F5806F01D10523E0
:103E30000AE0062308E0042306E0032304E002234B
:103E400002E0012300E00023FB737B68183319466E
:103E5000FB7B0A4AD35C0B44BB60BB681A68FB7BE4
:103E60000749CB5C194608238B401A43BB681A608C
:103E700000BF1437BD465DF8047B7047189E0008EC
:103E8000209E000880B483B000AF786039607B6802
:103E90005B6823F070023B681A437B685A6000BF7E
:103EA0000C37BD465DF8047B704780B483B000AF2B
:103EB00078607B689B6823F080027B689A6000BF13
:103EC0000C37BD465DF8047B704780B483B000AF0B
:103ED00078607B68DB6843F400527B68DA6000BF7F
:103EE0000C37BD465DF8047B704780B483B000AFEB
:103EF00078607B681B6923F490427B681A617B6859
:103F00005B6923F02A027B685A6100BF0C37BD460B
:103F10005DF8047B704780B48BB000AFF860B96087
:103F20007A60FB681A68BB687B617B6993FAA3F3CC
:103F30003B613B69BB61BB69002B01D1202303E0DE
:103F4000BB69B3FA83F3DBB25B00032101FA03F32D
:103F5000DB431A40BB683B623B6A93FAA3F3FB6105
:103F6000FB697B627B6A002B01D1202303E07B6A23
:103F7000B3FA83F3DBB25B00796801FA03F31A4307
:103F8000FB681A6000BF2C37BD465DF8047B7047A4
:103F900080B48BB000AFF860B9607A60FB68DA6813
:103FA000BB687B617B6993FAA3F33B613B69BB61AF
:103FB000BB69002B01D1202303E0BB69B3FA83F373
:103FC000DBB25B00032101FA03F3DB431A40BB6859
:103FD0003B623B6A93FAA3F3FB61FB697B627B6AFA
:103FE000002B01D1202303E07B6AB3FA83F3DBB219
:103FF0005B00796801FA03F31A43FB68DA6000BFDB
:104000002C37BD465DF8047B704780B483B000AFA9
:10401000786039603B681A047B689A6100BF0C378E
:10402000BD465DF8047B704780B500AF4FF480401B
:10403000FFF7F6FD4FF08050FFF7DAFD0320FFF7A2
:1040400095FBFFF7B7FB034600220F211846FFF749
:1040500007FC034619464FF0FF30FFF7D7FB00F08F
:1040600011F800F09DFA00F055F800F0D7F800F0D4
:104070006BF900F035FA00F0D3F9FCF76DFF00BFE3
:10408000FDE7000080B500AF0120FFF717FE00BF7D
:10409000FFF728FE0346012BFAD14FF48040FFF7CB
:1040A0002FFEFFF7C1FC00BFFFF7CEFC0346012B3C
:1040B000FAD10023482204214FF48000FFF75AFD73
:1040C000FFF734FD00BFFFF741FD0346012BFAD196
:1040D00000BFFFF729FE0346002BFAD08020FFF730
:1040E000E9FC0020FFF7FAFC0020FFF70BFD02209F
:1040F000FFF7BEFC00BFFFF7CFFC0346082BFAD149
:10410000034801F05DFF024801F068FF00BF80BD79
:104110000051250280B592B000AF07F13C030022A8
:104120001A605A609A6007F1280300221A605A60E8
:104130009A60DA601A6107F1180300221A605A6067
:104140009A60DA603B4600221A605A609A60DA6030
:104150001A615A614FF48070FFF762FD0420FFF787
:104160002FFD05233B6003237B6000233B613B461F
:104170001946274800F032FFFFF71CFB03460022D8
:1041800003211846FFF76CFB034619461220FFF780
:104190003DFB1220FFF71CFB0023FB6300233B6465
:1041A00000237B6407F13C0319461A4800F046FCE3
:1041B0000023BB620023FB6200233B6300237B637D
:1041C0000023BB6307F128031946124800F062FC84
:1041D0004FF480610F48FFF7B3FB4FF48033BB61AE
:1041E0000023FB6107F1180319460B4800F0DEFBC2
:1041F0000A224FF400710748FFF765FB00220A21ED
:104200000448FFF7B0FB00BF4837BD4680BD00BF84
:1042100000080240002001400023014080B59AB010
:1042200000AF07F1540300221A605A609A60DA6006
:104230001A6107F1340320220021184604F02AFDF8
:1042400007F11C0300221A605A609A60DA601A6152
:104250005A613B1D00221A605A609A60DA601A6146
:104260005A610120FFF7DCFC0023A7F8543000233B
:10427000BB654FF6FF73FB6500233B6600237B663F
:1042800007F1540319462E4801F0D6F82C48FFF7E1
:104290005FFD4FF480512A48FFF7B0FD60237B6338
:1042A0000023BB630023FB6300233B6400237B6488
:1042B0000023FB6400233B6507F134031A464FF4E7
:1042C00080511F4801F052F94FF480511C48FFF70C
:1042D0004FFD00211A48FFF7D5FD1948FFF7E5FD0E
:1042E0000023FB6100233B6200237B62002387F8ED
:1042F000283000237B854FF40053FB6200233B638F
:1043000007F11C0319460E4801F071F90120FFF76F
:1043100057FC4FF400637B600223BB600023FB600B
:1043200000233B6100237B610123BB613B1D1946D8
:10433000044800F053FE00BF6837BD4680BD00BF93
:10434000000001400000024080B594B000AF07F1CA
:104350003C0300221A605A609A60DA601A6107F121
:104360001C0320220021184604F094FC3B1D00226F
:104370001A605A609A60DA601A615A610220FFF787
:1043800037FC0023BB8700233B644FF6FF737B643D
:104390000023BB6407F13C0319461F4801F04CF8A9
:1043A0001D48FFF7D5FC10211B48FFF727FD6023B0
:1043B000FB6100233B6200237B620023BB6200237E
:1043C000FB6207F11C031A461021134801F0CEF8D6
:1043D00010211148FFF7CCFC00210F48FFF752FDD8
:1043E0000D48FFF762FD0220FFF7EAFB20237B6008
:1043F0000223BB600023FB6000233B6100237B6141
:104400000223BB613B1D1946044800F0E7FD00BFD5
:104410005037BD4680BD00BF00040040000402408C
:1044200080B58EB000AF07F11C0300221A605A60FD
:104430009A60DA601A615A619A613B1D00221A6023
:104440005A609A60DA601A615A611020FFF7E8FB3F
:104450000220FFF7B5FBC0237B600223BB60032370
:10446000FB6000233B6100237B610723BB613B1D95
:104470001946194800F0B2FDFFF79CF903460022E7
:1044800004211846FFF7ECF9034619462520FFF7EB
:10449000BDF92520FFF79CF94FF4E133FB610023C0
:1044A0003B6200237B620023BB620C23FB62002380
:1044B0003B6300237B6307F11C031946074801F0A7
:1044C000E5FC0648FFF711FD0448FFF7FEFC00BFBE
:1044D0003837BD4680BD00BF0004024000100140D7
:1044E00080B58EB000AF07F11C0300221A605A603D
:1044F0009A60DA601A615A619A613B1D00221A6063
:104500005A609A60DA601A615A612020FFF788FBCE
:104510000420FFF755FBC0237B600223BB6003230D
:10452000FB6000233B6100237B610823BB613B1DD3
:104530001946194800F052FDFFF73CF903460022E6
:1045400006211846FFF78CF9034619464720FFF766
:104550005DF94720FFF73CF94FF4E133FB6100239D
:104560003B6200237B620023BB620C23FB620023BF
:104570003B6300237B6307F11C031946074801F0E6
:1045800085FC0648FFF7B1FC0448FFF79EFC00BF1E
:104590003837BD4680BD00BF00080240001401400E
:1045A00080B588B000AF07F1180300221A605A6086
:1045B0003B4600221A605A609A60DA601A615A61BA
:1045C0008020FFF7FDFA0420FFF7FAFA0120FFF739
:1045D000F7FA0820FFF7F4FA0220FFF7F1FA4FF498
:1045E000C0615348FFF711FD04215248FFF70DFD4C
:1045F00010215148FFF709FD4FF470010220FFF729
:1046000027FB4FF070410220FFF722FB0223BB6122
:1046100001233B7700237B770123BB7707F1180346
:10462000184600F011FB0823BB6101233B770023F0
:104630007B770123BB7707F11803184600F004FBD2
:10464000002202213D48FFF7A3FC002208213B483D
:10465000FFF79EFC002202213848FFF75CFC002295
:1046600008213648FFF757FC4FF4C0633B60012335
:104670007B600023BB600023FB6000233B613B4663
:1046800019462B4800F0AAFC4FF4E0533B6002238C
:104690007B600323BB600023FB6000233B61062398
:1046A0007B613B461946254800F098FC04233B609B
:1046B00001237B600023BB600023FB6000233B6180
:1046C0003B4619461B4800F089FC10233B60012340
:1046D0007B600023BB600023FB6000233B613B4603
:1046E0001946154800F07AFCFFF764F803460022EB
:1046F00005211846FFF7B4F8034619460720FFF7CF
:1047000085F80720FFF764F8FFF754F80346002206
:1047100005211846FFF7A4F8034619460920FFF7BC
:1047200075F80920FFF754F800BF2037BD4680BD5B
:1047300000000240000C0240000402400008024059
:1047400080B483B000AF7860074B5A697B68134030
:104750007A689A420CBF01230023DBB218460C375B
:10476000BD465DF8047B7047003C014080B483B0D7
:1047700000AF7860044A7B68536100BF0C37BD46C8
:104780005DF8047B704700BF003C014080B400AF7F
:1047900000BFFDE780B400AF00BFFDE780B400AF0D
:1047A00000BFFDE780B400AF00BFFDE780B400AFFD
:1047B00000BFFDE780B400AF00BFBD465DF8047BDD
:1047C000704780B400AF00BFBD465DF8047B704702
:1047D00080B400AF00BFBD465DF8047B704780B574
:1047E00000AF03F083FD00BF80BD80B582B000AF95
:1047F0000220FFF7A5FF0346002B09D00220FFF798
:10480000B5FF0123FB71FB1D19460C20FEF762FD6D
:1048100000BF0837BD4680BD80B582B000AF08201C
:10482000FFF78EFF0346002B09D00820FFF79EFFFD
:104830000123FB71FB1D19460520FEF74BFD00BF50
:104840000837BD4680BD80B500AFFDF769FB00BFEE
:1048500080BD000080B500AF024804F0ABF800BF97
:1048600080BD00BFB00E002080B500AF024804F04C
:10487000A1F800BF80BD00BF2802002080B586B02F
:1048800000AF7860144A154BD31A7B617B693B619A
:10489000134B1B68002B02D1114B124A1A60104BAC
:1048A0001A687B6813443A699A4207D204F01AFAEC
:1048B00003460C221A604FF0FF3309E0084B1B68D7
:1048C000FB60074B1A687B681344054A1360FB685A
:1048D00018461837BD4680BD0000022000040000C5
:1048E000B01200202014002080B400AF064BD3F893
:1048F0008830054A43F47003C2F8883000BFBD46D3
:104900005DF8047B704700BF00ED00E0DFF834D0B5
:10491000FFF7EAFF0C480D490D4A002302E0D45886
:10492000C4500433C4188C42F9D30A4A0A4C0023F9
:1049300001E013600432A242FBD304F0D9F9FFF77F
:1049400073FB7047000002200000002004020020DA
:10495000849F00080402002020140020FEE780B499
:1049600083B000AF786039607B68DB6A23F4700243
:104970003B681A437B68DA6200BF0C37BD465DF8BE
:10498000047B704780B483B000AF78607B689B681D
:1049900003F00103012B0CBF01230023DBB21846F7
:1049A0000C37BD465DF8047B7047000090B585B0BC
:1049B00000AF786039600023FB731C48FFF7E2FF0B
:1049C00004461B48FFF7DEFF03461C431948FFF768
:1049D000D9FF03462343002B20D13B685B68002BA3
:1049E00012D07B685A68144B13403A6811683A68D1
:1049F000526811433A68926811433A68D2680A4390
:104A00001A437B685A600BE07B685A680A4B134074
:104A10003A6812681A437B685A6001E00123FB730D
:104A2000FB7B18461437BD4690BD00BF00200140F7
:104A30000021014000220140E010FCFF80B584B05D
:104A400000AF786039600023FB737868FFF79AFF46
:104A50000346002B17D17B685B6823F0407323F477
:104A600080733A6811683A6892680A431A437B680F
:104A70005A607B689B6823F400623B685B681A435A
:104A80007B689A6001E00123FB73FB7B18461037BB
:104A9000BD4680BD80B584B000AF7860396000232A
:104AA000FB737868FFF76EFF0346002B2BD13B6842
:104AB0005B68002B09D07B685B6823F468423B6825
:104AC0009B681A437B685A6005E07B685B6823F447
:104AD00068427B685A607B689A680E4B13403A685C
:104AE000126802F070613A68D26811433A6812693C
:104AF0000A431A437B689A603B685B68194678688A
:104B0000FFF72DFF01E00123FB73FB7B18461037F5
:104B1000BD4680BDFDFCFFC080B483B000AF7860AF
:104B2000054B1A6804497B6813430B6000BF0C37C0
:104B3000BD465DF8047B7047003C014080B483B003
:104B400000AF7860064B1A687B68DB43044913406A
:104B50000B6000BF0C37BD465DF8047B704700BF9B
:104B6000003C014080B483B000AF7860054B5A68C8
:104B700004497B6813434B6000BF0C37BD465DF8AA
:104B8000047B7047003C014080B483B000AF786084
:104B9000064B5A687B68DB43044913404B6000BFF7
:104BA0000C37BD465DF8047B704700BF003C0140F8
:104BB00080B483B000AF7860054B9A6804497B6885
:104BC00013438B6000BF0C37BD465DF8047B704714
:104BD000003C014080B483B000AF7860064B9A6817
:104BE0007B68DB43044913408B6000BF0C37BD4634
:104BF0005DF8047B704700BF003C014080B483B087
:104C000000AF7860054BDA6804497B681343CB60DA
:104C100000BF0C37BD465DF8047B7047003C014087
:104C200080B483B000AF7860064BDA687B68DB4302
:104C300004491340CB6000BF0C37BD465DF8047BD0
:104C4000704700BF003C014080B584B000AF786081
:104C50000023FB737B681B79002B65D07B681B6886
:104C6000002B6BD07B685B79022B1CD0022B25DCE0
:104C7000002B02D0012B0BD020E07B681B6818466C
:104C8000FFF782FF7B681B681846FFF745FF18E0B7
:104C90007B681B681846FFF751FF7B681B68184646
:104CA000FFF760FF0DE07B681B681846FFF734FFD5
:104CB0007B681B681846FFF755FF02E00123FB7372
:104CC00000BF7B689B79002B38D07B689B79032BD6
:104CD0001CD0032B25DC012B02D0022B0BD020E0B3
:104CE0007B681B681846FFF79BFF7B681B681846AC
:104CF000FFF75EFF22E07B681B681846FFF76AFF3C
:104D00007B681B681846FFF779FF17E07B681B6814
:104D10001846FFF74DFF7B681B681846FFF76EFFCC
:104D20000CE00123FB7309E07B681B681846FFF762
:104D300005FF7B681B681846FFF726FFFB7B1846BC
:104D40001037BD4680BD80B48BB000AFF860B9604D
:104D50007A60FB681A68BB687B617B6993FAA3F38E
:104D60003B613B69BB61BB69002B01D1202303E0A0
:104D7000BB69B3FA83F3DBB25B00032101FA03F3EF
:104D8000DB431A40BB683B623B6A93FAA3F3FB61C7
:104D9000FB697B627B6A002B01D1202303E07B6AE5
:104DA000B3FA83F3DBB25B00796801FA03F31A43C9
:104DB000FB681A6000BF2C37BD465DF8047B704766
:104DC00080B485B000AFF860B9607A60FB685A685B
:104DD000BB68DB431A40BB68796801FB03F31A43E5
:104DE000FB685A6000BF1437BD465DF8047B70470E
:104DF00080B48BB000AFF860B9607A60FB689A68E5
:104E0000BB687B617B6993FAA3F33B613B69BB6140
:104E1000BB69002B01D1202303E0BB69B3FA83F304
:104E2000DBB25B00032101FA03F3DB431A40BB68EA
:104E30003B623B6A93FAA3F3FB61FB697B627B6A8B
:104E4000002B01D1202303E07B6AB3FA83F3DBB2AA
:104E50005B00796801FA03F31A43FB689A6000BFAC
:104E60002C37BD465DF8047B704780B48BB000AF33
:104E7000F860B9607A60FB68DA68BB687B617B695F
:104E800093FAA3F33B613B69BB61BB69002B01D182
:104E9000202303E0BB69B3FA83F3DBB25B00032199
:104EA00001FA03F3DB431A40BB683B623B6A93FAA7
:104EB000A3F3FB61FB697B627B6A002B01D120239A
:104EC00003E07B6AB3FA83F3DBB25B00796801FA33
:104ED00003F31A43FB68DA6000BF2C37BD465DF868
:104EE000047B704780B48BB000AFF860B9607A6023
:104EF000FB681A6ABB687B617B6993FAA3F33B6129
:104F00003B69BB61BB69002B01D1202303E0BB6976
:104F1000B3FA83F3DBB29B000F2101FA03F3DB4307
:104F20001A40BB683B623B6A93FAA3F3FB61FB69DF
:104F30007B627B6A002B01D1202303E07B6AB3FAFA
:104F400083F3DBB29B00796801FA03F31A43FB6831
:104F50001A6200BF2C37BD465DF8047B704780B4F1
:104F60008BB000AFF860B9607A60FB685A6ABB68C2
:104F70001B0A7B617B6993FAA3F33B613B69BB61CD
:104F8000BB69002B01D1202303E0BB69B3FA83F393
:104F9000DBB29B000F2101FA03F3DB431A40BB682D
:104FA0001B0A3B623B6A93FAA3F3FB61FB697B62DA
:104FB0007B6A002B01D1202303E07B6AB3FA83F3E1
:104FC000DBB29B00796801FA03F31A43FB685A626B
:104FD00000BF2C37BD465DF8047B704780B58AB0B2
:104FE00000AF7860396000237B6200233B623B683E
:104FF0001B68BB61BB6993FAA3F37B617B69FB61AF
:10500000FB69002B01D1202303E0FB69B3FA83F392
:10501000DBB27B6257E03B681A6801217B6A01FAC8
:1050200003F313403B623B6A002B49D03B685B684B
:10503000012B03D03B685B68022B0DD13B689B685A
:105040001A46396A7868FFF7D3FE3B68DB681A4670
:10505000396A7868FFF7B4FE3B681B691A46396AFB
:105060007868FFF702FF3B685B68022B21D13B6A3F
:10507000FB60FB6893FAA3F3BB60BB683B613B69D1
:10508000002B01D1202303E03B69B3FA83F3DBB2A9
:10509000072B07D83B685B691A46396A7868FFF7BF
:1050A00021FF06E03B685B691A46396A7868FFF7BA
:1050B00056FF3B685B681A46396A7868FFF743FE1B
:1050C0007B6A01337B623B681A687B6A22FA03F3CE
:1050D000002BA0D1002318462837BD4680BD000014
:1050E00080B400AF044B9B6803F00C031846BD4628
:1050F0005DF8047B704700BF0038024080B400AF09
:10510000044B9B6803F0F0031846BD465DF8047B32
:10511000704700BF0038024080B400AF044B9B686A
:1051200003F4E0531846BD465DF8047B704700BFAA
:105130000038024080B400AF044B9B6803F4604326
:105140001846BD465DF8047B704700BF003802403A
:1051500080B400AF044B5B6803F480031846BD467F
:105160005DF8047B704700BF0038024080B400AF98
:10517000044B5B689B09C3F308031846BD465DF802
:10518000047B70470038024080B400AF044B5B687A
:1051900003F440331846BD465DF8047B704700BFFA
:1051A0000038024080B400AF044B5B6803F03F035B
:1051B0001846BD465DF8047B704700BF00380240CA
:1051C00080B582B000AF786000F020F802467B68BE
:1051D0001A607B681B68184600F040F802467B683E
:1051E0005A607B685B68184600F04EF802467B68A0
:1051F0009A607B685B68184600F05AF802467B6844
:10520000DA6000BF0837BD4680BD000080B582B0BF
:1052100000AF00237B60FFF763FF0346082B0CD031
:10522000082B0FD8002B02D0042B03D00AE0094B27
:105230007B600AE0084B7B6007E0082000F04CF838
:10524000786002E0034B7B6000BF7B68184608373C
:10525000BD4680BD0024F40000127A0080B582B003
:1052600000AF7860FFF74AFF03461B0903F00F0306
:10527000044AD35C1A467B68D34018460837BD46BB
:1052800080BD00BF289E000880B582B000AF786066
:10529000FFF742FF03469B0A044AD35C1A467B6829
:1052A000D34018460837BD4680BD00BF389E000871
:1052B00080B582B000AF7860FFF73CFF03465B0B20
:1052C000044AD35C1A467B68D34018460837BD466B
:1052D00080BD00BF389E000890B587B000AF7860F1
:1052E00000237B610023FB6000233B61FFF730FF5D
:1052F000F860FB68002B04D0FB68B3F5800F03D087
:1053000005E0124B7B6105E0114B7B6102E00F4B26
:105310007B6100BF7B68082B13D1FFF743FF024678
:105320007B69B3FBF2F4FFF721FF034603FB04F4B0
:10533000FFF72AFF03461B0C01335B00B4FBF3F3BA
:105340003B613B6918461C37BD4690BD0024F40004
:1053500000127A0080B483B000AF786039607B6857
:105360003A689A6200BF0C37BD465DF8047B70470F
:1053700080B483B000AF786039607B683A68DA62E5
:1053800000BF0C37BD465DF8047B704780B483B026
:1053900000AF786039607B683A681A6300BF0C37E9
:1053A000BD465DF8047B704780B483B000AF786081
:1053B00039607B683A685A6300BF0C37BD465DF8B8
:1053C000047B704780B483B000AF786039607B683D
:1053D0003A689A6300BF0C37BD465DF8047B70479E
:1053E00080B483B000AF786039607B683A68DA6374
:1053F00000BF0C37BD465DF8047B704780B483B0B6
:1054000000AF786039607B683A681A6400BF0C3777
:10541000BD465DF8047B704780B483B000AF786010
:105420007B685B6943F001027B685A6100BF0C37FF
:10543000BD465DF8047B704780B584B000AF7860EE
:1054400039607B681B68FB607B683D4A934213D0E0
:105450007B68B3F1804F0FD07B683A4A93420BD000
:105460007B68394A934207D07B68384A934203D01D
:105470007B68374A934206D1FB6823F070023B6891
:105480005B681343FB607B682D4A93422BD07B689B
:10549000B3F1804F27D07B682A4A934223D07B68A0
:1054A000294A93421FD07B68284A93421BD07B68CD
:1054B000274A934217D07B68264A934213D07B68D1
:1054C000254A93420FD07B68244A93420BD07B68D5
:1054D000234A934207D07B68224A934203D07B68D9
:1054E000214A934206D1FB6823F440723B68DB6893
:1054F0001343FB607B68FA681A603B689B68194637
:105500007868FFF735FF3B681B8819467868FFF716
:1055100021FF7B680A4A934203D07B680C4A93427E
:1055200005D13B681B6919467868FFF72FFF78683B
:10553000FFF772FF002318461037BD4680BD00BF3D
:10554000000001400004004000080040000C004042
:105550000004014000400140004401400048014077
:1055600000180040001C00400020004080B586B0BC
:1055700000AFF860B9607A600123FB75BB68B3F5D2
:10558000805F27D0BB68B3F5805F2AD8BB68B3F5CE
:10559000807F18D0BB68B3F5807F22D8BB68012B11
:1055A00003D0BB68102B07D01BE07968F86800F0C7
:1055B00061F80346FB7515E07968F86800F0C6F8F5
:1055C0000346FB750EE07968F86800F02FF9034692
:1055D000FB7507E07968F86800F098F90346FB75F9
:1055E00000E000BFFB7D18461837BD4680BD80B483
:1055F00085B000AF786039600023FB60FB6823F062
:10560000FF033A68127B1343FB60FB6823F440728C
:105610003B689B681343FB60FB6823F480623B6834
:105620005B681343FB60FB6823F400623B681B6804
:105630001343FB60FB6823F480533A68D289134319
:10564000FB60FB6823F400523B681B691343FB605B
:10565000FB6823F480423B685B691343FB607B6813
:10566000FA685A64002318461437BD465DF8047B77
:105670007047000080B586B000AF786039607B6805
:105680001B6A23F001027B681A627B681B6A7B61DC
:105690007B685B683B617B689B69FB60FB6823F010
:1056A0000303FB60FB6823F070023B681B68134335
:1056B000FB607B6923F002023B681B6913437B613B
:1056C0007B6923F001023B685B6813437B617B6865
:1056D0001C4A934203D07B681B4A93421ED17B69CC
:1056E00023F008023B685B699B0013437B617B6985
:1056F00023F004023B689B689B0013437B613B697A
:1057000023F480723B689B6913433B613B6923F43C
:1057100000723B68DB695B0013433B617B683A695D
:105720005A607B68FA689A613B68DB68194678685A
:10573000FFF73AFE7B687A691A6200231846183729
:10574000BD4680BD000001400004014080B586B028
:1057500000AF786039607B681B6A23F010027B68B9
:105760001A627B681B6A7B617B685B683B617B6854
:105770009B69FB60FB6823F44073FB60FB6823F4C8
:10578000E0423B681B681B021343FB607B6923F00C
:1057900020023B681B691B0113437B617B6923F07B
:1057A00010023B685B681B0113437B617B681D4AE9
:1057B000934203D07B681C4A93421FD17B6923F03C
:1057C00080023B685B699B0113437B617B6923F02B
:1057D00040023B689B689B0113437B613B6923F458
:1057E00080623B689B699B0013433B613B6923F4E8
:1057F00000623B68DB69DB0013433B617B683A690D
:105800005A607B68FA689A613B68DB681946786879
:10581000FFF7D8FD7B687A691A62002318461837AB
:10582000BD4680BD000001400004014080B586B047
:1058300000AF786039607B681B6A23F480727B68F4
:105840001A627B681B6A7B617B685B683B617B6873
:10585000DB69FB60FB6823F00303FB60FB6823F05C
:1058600070023B681B681343FB607B6923F4007282
:105870003B681B691B0213437B617B6923F48072C5
:105880003B685B681B0213437B617B681D4A934244
:1058900003D07B681C4A93421FD17B6923F40062CA
:1058A0003B685B699B0213437B617B6923F48062E5
:1058B0003B689B689B0213437B613B6923F48052E6
:1058C0003B689B691B0113433B613B6923F4005216
:1058D0003B68DB695B0113433B617B683A695A6053
:1058E0007B68FA68DA613B68DB6819467868FFF71D
:1058F00077FD7B687A691A62002318461837BD461F
:1059000080BD00BF000001400004014080B586B0AA
:1059100000AF786039607B681B6A23F480527B6833
:105920001A627B681B6A3B617B685B687B617B6892
:10593000DB69FB60FB6823F44073FB60FB6823F4C6
:10594000E0423B681B681B021343FB603B6923F486
:1059500000523B681B691B0313433B613B6923F403
:1059600080523B685B681B0313433B617B68114AB1
:10597000934203D07B68104A934207D17B6923F49A
:1059800080423B689B699B0113437B617B687A691A
:105990005A607B68FA68DA613B68DB6819467868A8
:1059A000FFF72CFD7B683A691A6200231846183706
:1059B000BD4680BD000001400004014080B483B0BA
:1059C00000AF78607B68DB6803F40053B3F5005FD9
:1059D0000CBF01230023DBB218460C37BD465DF82F
:1059E000047B704780B483B000AF786039607B6817
:1059F0001B6923F440523B681A437B681A6100BF5D
:105A00000C37BD465DF8047B704780B483B000AFAF
:105A1000786039607B685B6923F440723B681A43A5
:105A20007B685A6100BF0C37BD465DF8047B704748
:105A30002DE9B04FC0B000AFC7F8FC00C7F8F810B0
:105A4000C7F8F420C7F8F030D7F8F430B3F5004FBA
:105A500040F00C81D7F8F8300022C7F8E830C7F8DA
:105A6000EC20D7E93A4522462B46911839665B412E
:105A70007B66D7E91823214612EB0108294643EB40
:105A800001094FF000024FF000034FEAC90343EA57
:105A900058734FEAC80290469946234618EB030311
:105AA000C7F8E0302B4649EB0303C7F8E430D7F8DA
:105AB000F03000229A4693461AEB0A03BB654BEB83
:105AC0000B03FB65D7E91623D7E93801FBF7AEF8DE
:105AD00002460B46644BA3FB02235B099BB21B01EE
:105AE0009CB2D7F8F8300022C7F8D830C7F8DC20CD
:105AF000D7E9368942464B46911839655B417B654B
:105B0000D7E9142341465118B96449464B41FB6417
:105B10004FF000024FF00003D7E912AB5946CB001B
:105B2000514643EA51735146CA001046194603468E
:105B300042469B18C7F8D0304B460A4642EB030357
:105B4000C7F8D430D7F8F0300022C7F8C830C7F80B
:105B5000CC20D7E932120B46DB183B64134642EBEC
:105B600003037B64D7E91023D7E93401FBF75EF820
:105B700002460B4611463C4BA3FB01235B09642202
:105B800002FB03F3CB1ADB0003F13202364BA3FB1B
:105B900002235B099BB25B009BB203F4F8739BB2D8
:105BA00023449CB2D7F8F8300022C7F8C030C7F8B9
:105BB000C420D7E9308942464B469118B9635B410E
:105BC000FB63D7E90E2341465118396349464B41DF
:105BD0007B634FF000024FF00003D7E90CAB59464E
:105BE000CB00514643EA51735146CA00104619464C
:105BF000034642469B18C7F8B8304B460A4642EB6C
:105C00000303C7F8BC30D7F8F0300022C7F8B03033
:105C1000C7F8B420D7E92C120B46DB18BB62134639
:105C200042EB0303FB62D7E90A23D7E92E01FAF717
:105C3000FDFF02460B460C4BA3FB02135B096421DC
:105C400001FB03F3D31ADB003233074AA2FB032321
:105C50005B099BB203F007039BB223449BB21A4635
:105C6000D7F8FC309A6008E11F85EB51D7F8F8307F
:105C70000022C7F8A830C7F8AC20D7E92A894246E5
:105C80004B46911839625B417B62D7E90823414654
:105C90005418494643EB01054FF000024FF0000352
:105CA000EB0043EA5473E20014461D464346E318F2
:105CB000C7F8A0304B4645EB0303C7F8A430D7F82C
:105CC000F0300022C7F89830C7F89C204FF000024F
:105CD0004FF00003D7E9264529468B00214643EAC9
:105CE000917321468A00D7E92801FAF79FFF0246FF
:105CF0000B46654BA3FB02235B099BB21B019CB2C5
:105D0000D7F8F8300022C7F89030C7F89420D7E9C8
:105D1000248942464B469118B9615B41FB61D7E942
:105D2000062341465118396149464B417B614FF08A
:105D300000024FF00003D7E904AB5946CB005146AF
:105D400043EA51735146CA0010461946034642467B
:105D50009B18C7F888304B460A4642EB0303C7F846
:105D60008C30D7F8F0300022C7F88030C7F8842094
:105D70004FF000024FF00003D7E9208949468B001D
:105D8000414643EA917341468A00D7E92201FAF776
:105D90004DFF02460B4611463B4BA3FB01235B091B
:105DA000642202FB03F3CB1A1B013233364AA2FBF7
:105DB00003235B099BB203F0F0039BB223449CB224
:105DC000D7F8F8300022BB67FA67D7E91E89424648
:105DD0004B469118B9605B41FB60D7E9022341460D
:105DE0005118396049464B417B604FF000024FF03B
:105DF0000003D7E900AB5946CB00514643EA517343
:105E00005146CA0010461946034642469B183B6756
:105E10004B460A4642EB03037B67D7F8F03000227B
:105E2000BB66FA664FF000024FF00003D7E91A890B
:105E300049468B00414643EA917341468A00D7E9BF
:105E40001C01FAF7F3FE02460B460F4BA3FB0213AD
:105E50005B09642101FB03F3D31A1B0132330A4AA5
:105E6000A2FB03235B099BB203F00F039BB2234405
:105E70009BB21A46D7F8FC309A6000BF07F58077CE
:105E8000BD46BDE8B08F00BF1F85EB5180B588B01F
:105E900000AF786039600123FB770023BB6178682D
:105EA000FFF78CFD0346002B5ED17B68DB6823F493
:105EB000164323F00C033A6851683A68D2681143DC
:105EC0003A68126911433A6892690A431A437B6837
:105ED000DA603B689B6819467868FFF783FD3B688A
:105EE0005B6919467868FFF790FD07F108031846CB
:105EF000FFF766F97B681F4A934202D17B69BB6159
:105F000021E07B681C4A934202D13B69BB611AE0E5
:105F10007B681A4A934202D13B69BB6113E07B68FC
:105F2000174A934202D17B69BB610CE07B68154A3A
:105F3000934202D13B69BB6105E07B68124A934200
:105F400001D13B69BB61BB69002B0DD03B681B686D
:105F5000002B09D00023FB773B689A693B681B68DC
:105F6000B9697868FFF764FDFB7F18462037BD46A6
:105F700080BD00BF001001400044004000480040C8
:105F800000140140004C00400050004080B483B039
:105F900000AF786039607A683B68B2FBF3F3074A78
:105FA000013B5360054B00229A60044B05221A60A6
:105FB00000BF0C37BD465DF8047B704710E000E081
:105FC00080B582B000AF78604FF47A717868FFF7DF
:105FD000DDFF00BF0837BD4680BD000080B483B040
:105FE00000AF7860044A7B68136000BF0C37BD4681
:105FF0005DF8047B704700BF9001002080B584B03D
:1060000000AF78600B46FB707B689B68FB60FB7899
:10601000FB72FB781946F86802F06DFC00BF103780
:10602000BD4680BD80B586B000AFF860B96013464C
:10603000FB80FB68002B02D0BB68002B01D1002342
:1060400034E000F03BF878617B69BA68DA607B691C
:10605000FA881A827B6910229A807B694022DA8052
:106060007B6980221A817B6920225A817B69012207
:106070009A747B690F4A1A60FDF784F803461A4642
:106080007B695A61FDF788F803469AB27B691A83E7
:10609000786900F06EF838613B69002B05D03B69E8
:1060A000FA689A603B69044A1A603B6918461837D7
:1060B000BD4680BD689B0008FD5F000880B400AF4E
:1060C000114B40229A80104B4022DA800E4B8022E6
:1060D0001A810D4B0022DA600B4B00221A820A4B08
:1060E00008225A81084B01229A74074B074A1A600A
:1060F000054B00221A83044B00225A61024B1846BA
:10610000BD465DF8047B7047B4120020889B0008F0
:1061100080B485B000AF78607B685B69002B02D1EA
:106120007B685B8900E00023FB817B689B880333ED
:106130009A087B68DB8803339B081A447B681B89B9
:1061400003339B08D118FA8913465B001344DB0024
:1061500003339B08CA18FB8903339B08134412338B
:106160009BB29B009BB218461437BD465DF8047B7A
:10617000704780B588B000AF78600023FB61786815
:10618000FFF7C6FF0346BB610023FB757B68DB6836
:10619000002B05D07B681B8A1A46BB69934201D944
:1061A000002371E07B68DB683B61BA6900213869D4
:1061B00002F070FD3B69FB613B6910333B61FB6999
:1061C0003A69DA603B6938333B61FB69DB68FB6045
:1061D000FB683A691A617B689B88033323F00303E9
:1061E0003A6913443B61FB683A69DA617B68DB8892
:1061F000033323F003033A6913443B617B685A6914
:10620000FB685A627B681A8BFB689A857B681A8BDD
:10621000FB68DA85FB683A695A607B681A89FB6813
:106220001A81FB7D002B08D0FB6893F8333043F0D4
:106230000403DAB2FB6883F833207B689B7C002B75
:1062400008D0FB6893F8333043F02003DAB2FB68E0
:1062500083F833207B689A88FB681A83FB680022E6
:106260009A82FB680022DA827B68DA88FB685A84AB
:10627000FB68002283F832207B681A68FB681A608A
:10628000FB6800229A86FB6918462037BD4680BD10
:1062900080B584B000AF78600B46FB707B68DB682C
:1062A000FB60FB681033FA781146184600F096FF41
:1062B000034683F00103DBB2002B08D0FB6893F8A0
:1062C000333043F00103DAB2FB6883F8332000BFB8
:1062D0001037BD4680BD80B584B000AF78607B6864
:1062E0001B68002B00F083807B68DB68FB60FB6829
:1062F00093F8333003F00203002B55D1FB6893F879
:10630000333043F00203DAB2FB6883F83320FB68D2
:106310001B681946786800F08AFE45E0FB68103378
:10632000184600F033FF0346FB72FB6893F83330E6
:1063300003F00803002B05D0FB7A1946786800F0BB
:1063400001FA2AE0FB6893F832301B2B0CD1FB7A60
:106350005B2B09D1FB6893F8333043F00803DAB2C2
:10636000FB6883F8332018E0FB7A184600F0B6FE8D
:106370000346002B05D0FB7A1946786800F092FAA4
:106380000BE0FB7A184600F0C9FE0346002B04D050
:10639000FB7A1946786800F033FA786800F01EFD41
:1063A000FB68FA7A83F83220FB681033184600F055
:1063B000CCFE0346002BB1D1FB6893F8333003F0D9
:1063C0000103002B14D0FB6800221A84FB68DB69F0
:1063D000FA68128C134400221A70FB6893F8333069
:1063E00023F00103DAB2FB6883F8332000E000BF3A
:1063F0001037BD4680BD000080B584B000AF786026
:1064000039607B681B68002B3ED07B68DB68FB60D3
:10641000FB689B8E7B81FB6893F8333003F010039D
:10642000002B02D1786800F0CDFDFB687A899A864E
:106430003968786800F0FBFD154B1B6819467868D1
:1064400000F0F5FDFB6893F8333003F01003002BE8
:106450001BD1FB681B681946786800F0E8FDFB68F3
:10646000DB691946786800F0E2FDFB681A8CFB686E
:106470001A86FB689B8E00221946786800F0F8FDAA
:10648000786800F0ABFC00E000BF1037BD4680BD6F
:106490009401002080B588B000AF78607B68002B45
:1064A00071D03B4BFB600023FB770023BB770023BD
:1064B000BB6100237B6152E07B6901337B61BB7F61
:1064C000002B0DD00023BB77FB7C6E2B02D0722BF0
:1064D00003D02FE00A23FB742CE00D23FB7429E08A
:1064E000FB7C5C2B02D10123BB7738E0FB7C222BA9
:1064F00010D1FB7F002B14BF01230023DBB283F0FC
:106500000103DBB2FB77FB7F03F00103FB77002382
:10651000FB740FE0FB7F83F00103DBB2002B09D09B
:10652000FB7C1946F86802F0BDFB0346002B01D046
:106530000023FB74FB7C002B09D1BB69002B0EDD13
:10654000BB69013B7A6813441B78002B07D0BB69F9
:106550007A681344FA7C1A70BB690133BB617B69AA
:106560007A6813441B78FB74FB7C002BA4D1BB69B5
:106570007A68134400221A70BB6901337A681344A5
:1065800000221A7000E000BF2037BD4680BD00BF6A
:106590008C9B000880B584B000AF78600B467B8090
:1065A0007B881946786800F020FF0346FB81FB8951
:1065B0004FF6FF72934203D0FB897A68134400E0E0
:1065C000002318461037BD4680BD80B584B000AFAB
:1065D00078600B467B807B881946786800F005FF61
:1065E0000346FB81FB894FF6FF72934203D0FB8980
:1065F0007A68134400E0002318461037BD4680BD7A
:1066000080B485B000AF78607B68002B03D07B68D6
:106610001B78002B01D1002319E00023FB6001232C
:106620007B81FB687A6813441B78002B09D1FB68D7
:1066300001337A6813441B78002B06D07B89013321
:106640007B81FB680133FB60EBE700BF7B89184669
:106650001437BD465DF8047B7047000080B586B0F6
:1066600000AF78600B46FB707B68DB683B613B6981
:106670009B89002B5FD0FB78002B05D03B695A89A2
:106680003B699B899A4256D0FB7883F00103DBB2C9
:10669000002B03D03B695B89002B4CD0786800F05D
:1066A00091FC3B691B681946786800F0C0FCFB78D8
:1066B000002B06D03B695B8901339AB23B695A8152
:1066C00005E03B695B89013B9AB23B695A813B69B2
:1066D0001A1D3B695B891946104600F00DFE786172
:1066E0007B69002B01D1164B7B617869F9F77AFD44
:1066F0000346FB813B69DB69FA897969184602F038
:106700001DFB3B69DA69FB89134400221A703B695F
:10671000FA891A843B69DB691946786800F087FCBE
:106720003B691A8C3B691A863B6900229A86786815
:1067300000F054FB00E000BF1837BD4680BD00BF2D
:10674000909B000890B585B000AF78600B46FB7059
:106750007B68DB68FB60FB783F2B48D9FB787E2B9E
:1067600045D8FB6893F8333023F00803DAB2FB68AE
:1067700083F83320FB78412B02D0FB78422B09D1E0
:10678000FB78412B0CBF01230023DBB2194678684C
:10679000FFF764FFFB78432B0FD1FB689B8E002B28
:1067A0000BD0FB689B8E013B9AB2FB689A86124B1A
:1067B0001B681946786800F03AFCFB78442B16D128
:1067C000FB689B8E1C46FB68DB691846F9F70AFDDF
:1067D00003469C420BD2FB689B8E01339AB2FB6846
:1067E0009A86064B1B681946786800F020FC00BFAB
:1067F0001437BD4690BD00BF980100209C010020C9
:1068000080B584B000AF78600B46FB707B68DB68B6
:10681000FB60FB681B8C0233FA68528C93423BDAB4
:10682000FB68DB691846F9F7DDFC0246FB689B8EC6
:10683000D31ABB60FB68DA69BB680133D018FB6808
:10684000DA69BB68D118FB689B8E01331A4602F0E7
:1068500007FAFB681B8C01339AB2FB681A84FB6849
:106860001B8E01339AB2FB681A86FB68DA69BB6833
:106870001344FA781A70FB689B8E002B05D0084BE6
:106880001B681946786800F0D2FB7B681B68FA78B1
:1068900011467868984700E000BF1037BD4680BDBC
:1068A000A801002080B584B000AF78600B46FB7073
:1068B0007B68DB68FB60FB6893F832300D2B02D1FC
:1068C000FB780A2B78D0FB6893F832300A2B02D180
:1068D000FB780D2B70D0FB780D2B02D0FB780A2BA8
:1068E00029D1786800F0DCFA354B1B6819467868C6
:1068F00000F09DFBFB681B8C002B02D0786800F039
:1069000065F8FB6800221A84FB68DB69FA68128C60
:10691000134400221A70FB6800221A86FB680022CA
:106920005A81FB6800229A86FB681B6819467868C2
:1069300000F07DFB41E0FB78082B02D0FB787F2B39
:1069400033D1FB681B8C1A46FB689B8ED31A002B35
:106950002BDD1C4B1B681946786800F068FB1A4B4E
:106960001B681946786800F062FBFB68DB69184613
:10697000F9F738FC0246FB689B8ED31ABB60FB68B4
:10698000DA69BB68013BD018FB68DA69BB68D118CB
:10699000FB689B8E01331A4602F062F9FB681B8C80
:1069A000013B9AB2FB681A8407E0FB78092B04D1FB
:1069B000786800F075FA00E000BF1037BD4680BD72
:1069C000940100209C010020AC01002090B58FB004
:1069D00000AF78607B68DB68BB61012387F83730E4
:1069E00000233B630DE0BB69DA693B6B13441B7802
:1069F000202B03D0002387F8373008E03B6B0133AE
:106A00003B63BB691B8C1A463B6B9342EBDB97F8ED
:106A10003730002B40F0FA80BB691A1DBB69DB6977
:106A20001946104600F004FC0023FB620023BB6201
:106A3000002387F8273000233B6230E0BB69DA6926
:106A40003B6A13441B78FB75FB7D202B0FD1BB6A7F
:106A5000002B05D1BB69DA693B6A134400221A7026
:106A6000FB6A002B18D0012387F8273014E0FB6A5B
:106A7000002B05D1BB69DA693B6A1344FB620BE06A
:106A8000BB6A002B08D197F82730002B04D0BB69D4
:106A9000DA693B6A1344BB623B6A01333B62BB6900
:106AA0001B8C1A463B6A9342C8DBBB69DA69BB6937
:106AB0001B8C0133134400221A70FB6A002B00F078
:106AC000A7800023FB6172E0BB69596AFA6913462B
:106AD0005B001344DB000B445B681946F86AF9F766
:106AE00077FB0346002B5FD1BB69596AFA691346ED
:106AF0005B001344DB000B445B69002B5ED0BB6979
:106B0000596AFA6913465B001344DB000B441B7B94
:106B1000002B02D0B86AFFF7BDFCBB6993F8333095
:106B200043F01003DAB2BB6983F83320BB6A002B51
:106B30001AD03949B86AF9F74BFB0346002B06D047
:106B40003649B86AF9F744FB0346002B0CD1BB6900
:106B5000596AFA6913465B001344DB000B4419467B
:106B6000786800F05DF815E0BB69596AFA69134668
:106B70005B001344DB000B445C69BB69596AFA692A
:106B800013465B001344DB000B441B691A46B96AC9
:106B90007868A047BB6993F8333023F01003DAB26A
:106BA000BB6983F8332034E0FB690133FB61BB69C7
:106BB0009B8D1A46FB69934286DB00E000BF7B6831
:106BC0005B68002B1DD0FB6AFB60BB6A3B61BB6945
:106BD00093F8333043F01003DAB2BB6983F8332003
:106BE0007B685B6807F10C02114678689847BB69BF
:106BF00093F8333023F01003DAB2BB6983F8332003
:106C000007E0F96A786800F05FFE02E000BF00E08C
:106C100000BF3C37BD4690BD949B0008989B000880
:106C200080B582B000AF786039603B689B68002B0C
:106C300010D07B681B680921786898473B689B687F
:106C40001946786800F0F3F9044B1B681946786818
:106C500000F0EDF900BF0837BD4680BD940100206B
:106C600080B58EB000AFF860B9607A6000233B61F8
:106C70000023BB820023FB827868F9F7B3FA7862BD
:106C8000BB68DB683B623B6A9B8D002B02D07B6A52
:106C9000002B08D1FB681A4607F1100393E80300A4
:106CA00082E8030095E000237B6383E03B6A596A36
:106CB0007A6B13465B001344DB000B445B68FB619B
:106CC000F869F9F78FFAB8613B6A9A6A7B6B1344EB
:106CD0001A783B6A996A7B6B0B4422F00102D2B2AC
:106CE0001A70BA697B6A9A425ED3012387F83330FF
:106CF0000023FB6210E07A68FB6A13441A78F96992
:106D0000FB6A0B441B789A4203D0002387F8333088
:106D100006E0FB6A0133FB62FA6A7B6A9A42EAD3B5
:106D200097F8333083F00103DBB2002B3ED13B6A8E
:106D30009A6A7B6B13441A783B6A996A7B6B0B44A3
:106D400042F00102D2B21A70FB8A002B04D0BB8A37
:106D50001A46BB69934202D2BB699BB2BB82FB8AD3
:106D600001339BB2FB82FB8A012B02D1FB693B61A1
:106D70001DE03B6A1B8CBB6210E03A69BB6A13449E
:106D80001A78F969BB6A0B441B789A4203D0BB6A34
:106D90009BB2BB820BE0BB6A0133BB62BB8A1A4663
:106DA000BB6A9342E9D302E000BF00E000BF7B6B07
:106DB00001337B633B6A9B8D1A467B6B9342FFF6E4
:106DC00075AFFB681A4607F1100393E8030082E8E9
:106DD0000300F8683837BD4680BD000080B588B034
:106DE00000AF78607B68DB687B617B6993F8333048
:106DF00003F02003002B4AD07B69DA6907F10C030A
:106E000079681846FFF72CFF7B8A002B02D17B693B
:106E10001B8C3B82204B1B681946786800F007F9F1
:106E20007B699B8E01221946786800F021F97B6905
:106E30001B8CFB610BE07B681B68F968FA690A44EC
:106E40001278114678689847FB690133FB613B8AE9
:106E50001A46FB699342EED33B8ABB6107E07B682D
:106E60001B68202178689847BB690133BB617B6947
:106E70001B8E1A46BB699342F1D33A8A7B691A8604
:106E8000064B1B681946786800F0D1F800E000BF97
:106E90002037BD4680BD00BFA0010020A401002016
:106EA00080B588B000AF78607B68DB68BB61BB6988
:106EB000DA6907F10C0379681846FFF7D1FE7B8A7F
:106EC000002B78D07B8A012B04D03A8ABB691B8CBB
:106ED0009A4231D9BB69DB69F9683A8A184601F0F0
:106EE0002DFF7B8A012B09D1BB69DB693A8A1344E8
:106EF00020221A703B8A01339BB23B82BB69DB695B
:106F00003A8A134400221A70BB69DB69BA69128C91
:106F10001146BA69928E8A1A13441946786800F0AD
:106F200086F83A8ABB691A84BB691A8CBB691A86CF
:106F3000BB6900229A863FE0786800F043F800239E
:106F4000FB6121E0BB699A6AFB6913441B7803F07B
:106F50000103002B14D0BB69596AFA6913465B0020
:106F60001344DB000B445B687B617969786800F04F
:106F70005EF8134B1B681946786800F058F800E07B
:106F800000BFFB690133FB61BB699B8D1A46FB693E
:106F90009342D7DBBB691B681946786800F047F855
:106FA000BB69DB691946786800F041F8BB691A8C47
:106FB000BB691A8600E000BF2037BD4680BD00BF18
:106FC0009401002090B587B000AF78607B68DB68E3
:106FD0003B613B691B8E1C463B691B681846F9F7F1
:106FE00001F903462344FB607B681B680D21786828
:106FF000984700237B6107E07B681B682021786845
:1070000098477B6901337B617A69FB689A42F3D3C5
:107010007B681B680D21786898473B6900221A86B7
:107020003B6900229A8600BF1C37BD4690BD80B5E3
:1070300084B000AF786039603868F9F7D3F8B86089
:107040000023FB600BE07B681B683968FA680A4420
:107050001278114678689847FB680133FB60FA683C
:10706000BB689A42EFD300BF00BF1037BD4680BD5A
:1070700080B586B000AF78600B467B8013467B708E
:107080007B88002B20D007F10C0300221A605A6085
:107090001A727B78002B04D00D4B1B6802331B78CF
:1070A00003E00C4B1B6802331B78FB757A88FB7D71
:1070B00007F10C00084901F0B1FD07F10C03194676
:1070C0007868FFF7B4FF00E000BF1837BD4680BD09
:1070D000980100209C010020A09B000880B483B090
:1070E00000AF0346FB71FB790D2B0BD0FB790A2B0C
:1070F00008D0FB79082B05D0FB79092B02D0FB794E
:107100007F2B01D1012300E0002303F00103DBB258
:1071100018460C37BD465DF8047B704780B483B0D9
:1071200000AF0346FB71FB791F2B04D9FB797E2B43
:1071300001D8012300E0002303F00103DBB218466D
:107140000C37BD465DF8047B704780B483B000AF58
:1071500078607B68DA887B689B889A4206D37B6874
:10716000DA887B689B88D31A9BB209E07B681A890E
:107170007B689B88D31A9AB27B68DB8813449BB2E6
:1071800018460C37BD465DF8047B704780B485B067
:1071900000AF78600023FB737B689A887B68DB888C
:1071A0009A4214D07B681B687A68928813441B78D3
:1071B000FB737B689B8801339BB27A681289B3FBAF
:1071C000F2F101FB02F29B1A9AB27B689A80FB7B78
:1071D00018461437BD465DF8047B704780B485B00F
:1071E00000AF78600B46FB707B68DB8801339BB295
:1071F0007A681289B3FBF2F101FB02F29B1AFB8160
:107200007B689B88FA899A420BD07B681B687A68F6
:10721000D2881344FA781A707B68FA89DA800123DD
:1072200000E0002318461437BD465DF8047B704724
:1072300080B588B000AF786039603868F8F7D2FF61
:10724000B8617B689B881A46BB6901339A4201D2B8
:1072500000234DE03968786800F06AF824E07B6824
:107260001B891946786800F047F878617869F8F763
:10727000B9FF38617B681B687A69D31A1A463B6983
:1072800013440133FB617B689B881A46FB69D31A60
:10729000FB60BB690133FA689A420AD27B681B899A
:1072A000013B9AB27B681A817B681B89002BD6D17F
:1072B00000E000BF7B681B89002B0AD07B681A683E
:1072C000BB690133D0187B681B68FA69194601F065
:1072D000C7FC7B681868BB6901331A46396801F03E
:1072E0002DFD7B681B8901339AB27B681A810123CB
:1072F00018462037BD4680BD80B582B000AF7860AB
:107300000B467B807B88002B04D07B681B897A88A6
:107310009A4201D9002307E07B681B687A881146EE
:107320001846FFF737F9034618460837BD4680BDB3
:1073300080B586B000AF786039603B68002B4CD0D8
:107340007B681B89002B48D000237B6101237B8253
:1073500013E07B681B687A8A11461846FFF735F9F7
:10736000786139687869F8F733FF0346002B0AD053
:1073700000237B617B8A01337B827B681B897A8A4D
:107380009A42E6D900E000BF7B69002B27D07B68DA
:107390001B89013B9AB27B681A817A8A7B681B89B8
:1073A00001339A421DD07869F8F71CFFF8607B68BA
:1073B0009B881946FB6801337A691A447B681B680D
:1073C000D31ACB1ABB60FB6801337A691344BA68DD
:1073D0001946786901F044FC04E000BF02E000BFF8
:1073E00000E000BF1837BD4680BD80B485B000AF57
:1073F00078600B467B807B68002B02D07B88002B5B
:1074000002D14FF6FF7328E00023FB810123BB81EB
:10741000BA897B889A4213D0FB897A6813441B7817
:10742000002B09D1BB890133BB81FB8901337A6809
:1074300013441B78002B05D0FB890133FB81E7E760
:1074400000BF00E000BFFB897A6813441B78002B63
:1074500001D0FB8901E04FF6FF7318461437BD4693
:107460005DF8047B704780B586B000AFF860B96006
:107470007A6000237B6110E07B699B00BA6813444B
:107480001B681946F868F8F7A3FE0346002B01D1E4
:107490007B6908E07B6901337B617A697B689A428A
:1074A000EADB4FF0FF3318461837BD4680BD0000B9
:1074B00080B586B000AFF860B9607A60B868F8F758
:1074C00091FE03463B61B968F868FFF7B0FD002301
:1074D0007B6106E00849F868FFF7A9FD7B69013385
:1074E0007B617A683B69D31A7A699A42F2DB00BF02
:1074F00000BF1837BD4680BD8C9B00082DE9F043C6
:1075000095B000AFF860B9607A60FB68DB687B63B8
:107510007B6B9B8D002B0AD18C49F868FFF787FDA8
:107520008B4B1B681946F868FFF781FDBAE1B86814
:10753000FFF766F803467B867B8E002B40F0F680D3
:107540006B461E462023BB62BB6A013B7B62BB6A63
:107550000022984691464FF000024FF000034FEA98
:10756000491343EAD8634FEA4812BB6A00221C461B
:1075700015464FF000024FF000036B0143EAD4635D
:107580006201BB6A9B000733DB08DB00ADEB030D38
:107590006B4603339B089B003B620023FB64002384
:1075A000BB642DE07B6B596ABA6C13465B001344D5
:1075B000DB000B441B68002B09D07B6B596ABA6C4B
:1075C00013465B001344DB000B441B6800E0614B77
:1075D000BB61FA6C396AB869FFF745FF78617B696E
:1075E000002B0ADAFA6CBB6A9A4206DAFB6C5A1C68
:1075F000FA643A6AB96942F82310BB6C0133BB6480
:107600007B6B9B8D1A46BB6C9342CBDB00237B6468
:1076100085E05149F868FFF70AFD3B6A7A6C53F838
:1076200022301946F868FFF702FD4C49F868FFF769
:10763000FEFC474B1B681946F868FFF7F8FC00236F
:107640003B645DE07B6B596A3A6C13465B00134404
:10765000DB000B441B68002B09D07B6B596A3A6C2A
:1076600013465B001344DB000B441B6800E0394BFE
:10767000FB613B6A7A6C53F822301946F869F8F7D7
:10768000A7FD0346002B38D13549F868FFF7CFFC3A
:107690007B6B596A3A6C13465B001344DB000B4466
:1076A0005B6810221946F868FFF702FF2D49F86859
:1076B000FFF7BDFC7B6B596A3A6C13465B001344C1
:1076C000DB000B449B68002B0DD07B6B596A3A6C36
:1076D00013465B001344DB000B449B681946F868B3
:1076E000FFF7A5FC03E02049F868FFF7A0FC184B62
:1076F0001B681946F868FFF79AFC3B6C01333B6442
:107700007B6B9B8D1A463B6C93429BDB104B1B683B
:107710001946F868FFF78BFC7B6C01337B647A6C4D
:10772000FB6C9A42FFF675AFB546BBE07B8E012B32
:1077300040F0AE800121B868FEF72CFFF86200230C
:1077400087F83F300023BB638FE000BFA89B000891
:1077500094010020C09B0008D09B0008D49B000827
:10776000D89B0008E09B0008E49B00087B6B596AEB
:10777000BA6B13465B001344DB000B445B68F96A89
:107780001846F8F725FD0346002B6BD1012387F837
:107790003F304649F868FFF74AFC7B6B596ABA6B81
:1077A00013465B001344DB000B445B681946F86822
:1077B000FFF73DFC3E4B1B681946F868FFF737FCA6
:1077C0003C49F868FFF733FC7B6B596ABA6B134688
:1077D0005B001344DB000B441B68002B09D07B6B60
:1077E000596ABA6B13465B001344DB000B441B68F9
:1077F00000E0314B1946F868FFF719FC2C4B1B6869
:107800001946F868FFF713FC7B6B596ABA6B13468D
:107810005B001344DB000B449B68002B17D0274907
:10782000F868FFF704FC7B6B596ABA6B13465B0080
:107830001344DB000B449B681946F868FFF7F7FB1D
:107840001B4B1B681946F868FFF7F1FB14E01C4955
:10785000F868FFF7ECFB164B1B681946F868FFF752
:10786000E6FB09E0BB6B0133BB637B6B9B8D1A4668
:10787000BB6B9342FFF67AAF97F83F3083F001037A
:10788000DBB2002B0ED0F96AF86800F01DF809E0B1
:107890000C49F868FFF7CBFB054B1B681946F868E5
:1078A000FFF7C5FB5437BD46BDE8F083F09B0008E9
:1078B00094010020FC9B0008C09B0008089C000865
:1078C000E49B0008109C000880B582B000AF78608F
:1078D00039600B497868FFF7AAFB39687868FFF7C9
:1078E000A6FB08497868FFF7A2FB074B1B681946FF
:1078F0007868FFF79CFB00BF0837BD4680BD00BF1E
:10790000409C00085C9C00089401002080B485B075
:1079100000AF03463960FB8013467B71FB88FB8117
:1079200024E0FB891B0A9BB2DAB23B68591C396020
:107930001B7853407B737B7B1B09DAB27B7B534004
:107940007B73B7F90E301B021AB27B7B1BB21B0391
:107950001BB253401AB27B7B1BB25B011BB253407C
:107960001AB27B7B1BB253401BB2FB817B795A1E40
:107970007A71002BD5D1FB8918461437BD465DF8C6
:10798000047B704780B483B000AF0346FB71044AA8
:10799000FB79137000BF0C37BD465DF8047B704760
:1079A000D012002080B487B000AFF860B9607A6070
:1079B0000023FB75FB68B3F8FE301B0A9BB27B7596
:1079C000FB68B3F8FE303B75FB7D5A1CFA751A460E
:1079D000BB681344FA6812781A70FB7D5A1CFA755A
:1079E0001A46BB681344FA6852781A70FB7D5A1C19
:1079F000FA751A46BB681344FA6892781A70FB7DD0
:107A00005A1CFA751A46BB681344FA68D2781A7081
:107A1000FB7D5A1CFA751A46BB681344FA68127942
:107A20001A700023BB750023BB7552E0BB7DFA685A
:107A300013445B79CA2B10D1FB7D5A1CFA751A4688
:107A4000BB681344BD221A70FB7D5A1CFA751A4696
:107A5000BB681344DC221A7038E0BB7DFA6813441B
:107A60005B79EF2B10D1FB7D5A1CFA751A46BB6867
:107A70001344BD221A70FB7D5A1CFA751A46BB6866
:107A80001344DE221A7021E0BB7DFA6813445B794F
:107A9000BD2B10D1FB7D5A1CFA751A46BB681344E6
:107AA000BD221A70FB7D5A1CFA751A46BB68134436
:107AB000DB221A700AE0BA7DFB7D591CF975194664
:107AC000BB680B44F9680A4452791A70BB7D0133D4
:107AD000BB75FB68DB78BA7D9A42A7D37B7DCA2B46
:107AE00010D1FB7D5A1CFA751A46BB681344BD229F
:107AF0001A70FB7D5A1CFA751A46BB681344DC22C7
:107B00001A702FE07B7DEF2B10D1FB7D5A1CFA758C
:107B10001A46BB681344BD221A70FB7D5A1CFA75C5
:107B20001A46BB681344DE221A701BE07B7DBD2B16
:107B300010D1FB7D5A1CFA751A46BB681344BD224E
:107B40001A70FB7D5A1CFA751A46BB681344DB2277
:107B50001A7007E0FB7D5A1CFA751A46BB6813447D
:107B60007A7D1A703B7DCA2B10D1FB7D5A1CFA75A9
:107B70001A46BB681344BD221A70FB7D5A1CFA7565
:107B80001A46BB681344DC221A702FE03B7DEF2BB2
:107B900010D1FB7D5A1CFA751A46BB681344BD22EE
:107BA0001A70FB7D5A1CFA751A46BB681344DE2214
:107BB0001A701BE03B7DBD2B10D1FB7D5A1CFA7562
:107BC0001A46BB681344BD221A70FB7D5A1CFA7515
:107BD0001A46BB681344DB221A7007E0FB7D5A1C6F
:107BE000FA751A46BB6813443A7D1A70FB7D5A1C1D
:107BF000FA751A46BB681344EF221A707B68FA7D47
:107C00001A7000BF1C37BD465DF8047B704700004A
:107C100080B5C6B000AF07F58C73A3F58673186006
:107C200007F58C73A3F58A731A6007F58C73A3F2BA
:107C30000D130A461A70002387F81731002387F8BE
:107C40001631002387F8153107F58C73A3F20D1355
:107C50001B78052B62D802232EE197F817315A1CA6
:107C600087F817211A4607F58C73A3F586731B68EE
:107C700013441B7887F80F3197F81531002B38D053
:107C800097F80F31DC2B0CD197F816315A1C87F876
:107C900016211A4607F58C73A3F58273CA219954ED
:107CA00023E097F80F31DE2B0CD197F816315A1CD0
:107CB00087F816211A4607F58C73A3F58273EF2116
:107CC000995412E097F80F31DB2B0CD197F816314D
:107CD0005A1C87F816211A4607F58C73A3F5827390
:107CE000BD21995401E00223E6E0002387F8153115
:107CF00014E097F80F31BD2B03D1012387F815311C
:107D00000CE097F816315A1C87F81621194607F52A
:107D10008C73A3F5827397F80F215A5407F58C736F
:107D2000A3F20D1397F817211B789A4295D30023DD
:107D300087F8173197F817315A1C87F817211A4618
:107D400007F58C73A3F582739A5C07F58C73A3F522
:107D50008A731B685A7097F817315A1C87F81721D5
:107D60001A4607F58C73A3F582739A5C07F58C733A
:107D7000A3F58A731B689A7097F817315A1C87F815
:107D800017211A4607F58C73A3F582739A5C07F5E1
:107D90008C73A3F58A731B68DA7097F817315A1C35
:107DA00087F817211A4607F58C73A3F582739A5C3E
:107DB00007F58C73A3F58A731B681A7107F58C732A
:107DC000A3F58A731B68DB78F82B0BD807F58C7347
:107DD000A3F58A731B68DB781A4697F81631063BC1
:107DE0009A4201D0062367E007F58C73A3F58A73E6
:107DF0001B68581D97F8173107F11402D11807F5C1
:107E00008C73A3F58A731B68DB781A4600F096FF23
:107E100007F58C73A3F58A731B68DA7897F8173126
:107E2000134487F8173197F817315A1C87F8172130
:107E30001A4607F58C73A3F582739B5C1B02A7F8A7
:107E4000123197F817315A1C87F817211A4607F58F
:107E50008C73A3F582739B5C1A46B7F812311343F7
:107E6000A7F8123107F58C73A3F58A731B68591CA8
:107E700007F58C73A3F58A731B68DB780433DBB2D8
:107E80001A460020FFF742FD0346A7F81031B7F865
:107E90001221B7F810319A4201D005230CE007F502
:107EA0008C73A3F58A731B689A78064B1B789A42E9
:107EB00001D0032300E00123184607F58C77BD4667
:107EC00080BD00BFD012002080B582B000AF7860C6
:107ED0007B68B3F9203099B27B68B3F922309BB24A
:107EE0001A46786800F011F97B689B781946786823
:107EF00000F0C4F97B68D3ED017A7B6893ED027AD8
:107F00007B68D3ED036A7B685B781946B0EE661A2E
:107F1000F0EE470AB0EE670A786800F051F97B6826
:107F20005B691B781AB27B689A837B681B691B8824
:107F30001AB27B68DA837B68B3F91C207B68B3F9DB
:107F400022309A4205DD7B68B3F922207B689A8350
:107F50000CE07B68B3F91C207B68B3F920309A42AF
:107F600004DA7B68B3F920207B689A8300BF083766
:107F7000BD4680BD80B485B000AF78607B681B785B
:107F8000002B01D10023BAE07B681B691B88BB81F1
:107F90007B689B691A88BB89D31A9BB27B81BA899B
:107FA0007B68B3F91E309BB2D31A9BB23B817B68CE
:107FB000B3F91C3007EE903AB8EEE77A7B68D3ED60
:107FC000026AB7F90A3007EE903AF8EEE77A66EE01
:107FD000A77A77EE277AFDEEE77A17EE903A1AB293
:107FE0007B689A837B685B78002B1AD17B68B3F936
:107FF0001C3007EE903AB8EEE77A7B68D3ED016A61
:10800000B7F9083007EE903AF8EEE77A66EEA77A0D
:1080100077EE677AFDEEE77A17EE903A1AB27B6850
:108020009A837B68B3F91C207B68B3F922309A42AB
:1080300005DD7B68B3F922207B689A830CE07B68BE
:10804000B3F91C207B68B3F920309A4204DA7B68CC
:10805000B3F920207B689A837B685B78002B10D073
:108060007B6893ED017AB7F90A3007EE903AF8EEA3
:10807000E77A67EE277AFDEEE77A17EE903AFB8112
:1080800001E00023FB81B7F90E3007EE903AB8EE1D
:10809000E77A7B68B3F91C3007EE903AF8EEE76AAE
:1080A0007B6893ED036AB7F9083007EE903AF8EE73
:1080B000E77A66EE277A76EEE77A77EE277AFDEEB4
:1080C000E77A17EE903AFB817B68B3F92230B7F973
:1080D0000E209A4203DD7B685B8CFB8109E07B68A4
:1080E000B3F92030B7F90E209A4202DA7B681B8C74
:1080F000FB817B685B69FA89D2B21A70012318464A
:108100001437BD465DF8047B704780B483B000AF80
:1081100078600B467B8013463B807A883B889A4286
:1081200048D2B7F902207B681A84B7F900207B682F
:108130005A847B681B78002B3DD07B685B691B7879
:108140001A467B68B3F922309A4207DD7B68B3F99F
:1081500022207B685B69D2B21A700FE07B685B6992
:108160001B781A467B68B3F920309A4206DA7B689E
:10817000B3F920207B685B69D2B21A707B68B3F9CF
:108180001C207B68B3F922309A4205DD7B68B3F985
:1081900022207B689A830EE07B68B3F91C207B6801
:1081A000B3F920309A4206DA7B68B3F920207B6865
:1081B0009A8300E000BF0C37BD465DF8047B704732
:1081C00080B487B000AF786187ED040AC7ED030A79
:1081D00087ED021A0B46FB71D7ED047AF5EEC07AF3
:1081E000F1EE10FA42D4D7ED037AF5EEC07AF1EE53
:1081F00010FA3BD4D7ED027AF5EEC07AF1EE10FA20
:1082000034D4FB79012B0CBF01230023DBB21A46C7
:108210007B695A707B693A695A607B69FA689A602F
:108220007B69BA68DA607B699B78012B1FD17B6917
:10823000D3ED017A9FED107A77EE677A7B69C3ED13
:10824000017A7B69D3ED027A9FED0B7A77EE677A3C
:108250007B69C3ED027A7B69D3ED037A9FED067AE1
:1082600077EE677A7B69C3ED037A00E000BF1C37C5
:10827000BD465DF8047B70470000000080B483B009
:1082800000AF78600B46FB707B681B78002B22D018
:108290007B689B78FA789A421DD07B68D3ED017A8F
:1082A0009FED117A77EE677A7B68C3ED017A7B6880
:1082B000D3ED027A9FED0C7A77EE677A7B68C3ED97
:1082C000027A7B68D3ED037A9FED077A77EE677ABF
:1082D0007B68C3ED037A7B68FA789A7000BF0C372D
:1082E000BD465DF8047B70470000000080B400AF1D
:1082F000044B1B680133034A136000BFBD465DF8A1
:10830000047B7047D412002080B483B000AF786043
:108310000B4B1A687B68B2FBF3F30A4A013B5360CC
:10832000084B00229A60074B07221A60064A7B68B6
:10833000136000BF0C37BD465DF8047B704700BF7B
:108340009001002010E000E0B001002080B582B074
:1083500000AF00237B6022E07A6813469B00134441
:108360009B00144A13443B603B681B7C002B13D0DA
:108370003B68DB68184600F023F802463B689B68C0
:108380009A4209D30C4B1A683B68DA603B681B6859
:108390003A685268104698477B6801337B60074B08
:1083A0001B687A689A42D7D300BF00BF0837BD4622
:1083B00080BD00BF04000020D41200200000002077
:1083C00080B582B000AF7860054B1B6819467868AD
:1083D00000F008F8034618460837BD4680BD00BFC8
:1083E000D412002080B483B000AF786039603A685E
:1083F0007B68D31A18460C37BD465DF8047B70477E
:1084000080B588B000AFF860B9607A603B60FB6807
:10841000BA681A60FB6804331F227968184600F0B6
:108420004EFCFB68002283F82320FB683A685A62FE
:10843000FB683A8D1A85FB682A33FB610023FB82B7
:10844000FA8AFB69BFF35B8F1A80FB682C33BB6130
:108450000023BB82BA8ABB69BFF35B8F1A8000BF5F
:108460002037BD4680BD80B48BB000AF78600B462E
:10847000FB707B682A333B623B6A1B889BB2FB81A3
:10848000FB890133FB847B681B8DFA8C9A4201D1F6
:108490000023FB847B682C33FB61FB691B88BFF3E3
:1084A0005B8F9BB2BB81BB897B83FA8C7B8B9A42AF
:1084B00018D07B685B6A7A682A327A617A69128896
:1084C00092B27A817A891344FA781A707B682A33D7
:1084D0003B61FB8C3B813A893B69BFF35B8F1A8020
:1084E000012300E0002318462C37BD465DF8047BCD
:1084F000704780B48BB000AF786039607B682C33F4
:108500003B623B6A1B889BB27B827B8AFB847B68D5
:108510002A33FB61FB691B88BFF35B8F9BB23B82F5
:108520003B8A7B837A8BFB8C9A421CD07B685A6A8D
:10853000FB8C13441A783B681A70FB8C0133FB8464
:108540007B681B8DFA8C9A4201D10023FB847B68E7
:108550002C337B61FB8CFB81FA897B69BFF35B8FDA
:108560001A80012300E0002318462C37BD465DF831
:10857000047B704780B489B000AF78607B682A3391
:10858000FB61FB691B88BFF35B8F9BB23B823B8A1D
:108590007B837B682C337B617B691B889BB2FB816F
:1085A000FB897B827A8B7B8A9A4214BF012300234A
:1085B000DBB218462437BD465DF8047B704780B4B3
:1085C00083B000AF78607B681B6803F00203022B66
:1085D0000CBF01230023DBB218460C37BD465DF803
:1085E000047B704780B483B000AF78607B681B6801
:1085F00003F00403042B0CBF01230023DBB2184655
:108600000C37BD465DF8047B704780B483B000AF83
:1086100078607B681B6803F00803082B0CBF0123FC
:108620000023DBB218460C37BD465DF8047B70476B
:1086300080B483B000AF78607B681B6803F02003D0
:10864000202B0CBF01230023DBB218460C37BD469C
:108650005DF8047B704780B483B000AF78607B68BE
:108660001B6803F08003802B0CBF01230023DBB2C7
:1086700018460C37BD465DF8047B704780B485B062
:1086800000AF78607B681B68FB60FB687B685B6899
:10869000FB60FB6800BF1437BD465DF8047B704784
:1086A00080B485B000AF78607B681B68FB60FB68B6
:1086B0007B685B68FB60FB6800BF1437BD465DF8F4
:1086C000047B704780B485B000AF78607B681B681E
:1086D000FB60FB687B685B68FB60FB6800BF14376E
:1086E000BD465DF8047B704780B489B000AF786008
:1086F0007B680C33FB60FB6853E8003FBB60BB68E2
:1087000043F02003FB617B680C33FA69BA617B613B
:108710007969BA6941E800233B613B69002BE7D1E5
:1087200000BF00BF2437BD465DF8047B704780B4AE
:1087300089B000AF78607B680C33FB60FB6853E85E
:10874000003FBB60BB6843F08003FB617B680C3378
:10875000FA69BA617B617969BA6941E800233B61D2
:108760003B69002BE7D100BF00BF2437BD465DF851
:10877000047B704780B489B000AF78607B680C33AD
:10878000FB60FB6853E8003FBB60BB6823F08003DD
:10879000FB617B680C33FA69BA617B617969BA69FC
:1087A00041E800233B613B69002BE7D100BF00BFDC
:1087B0002437BD465DF8047B704780B483B000AFBA
:1087C00078607B68DB6803F02003202B0CBF01235B
:1087D0000023DBB218460C37BD465DF8047B7047BA
:1087E00080B483B000AF78607B68DB6803F08003FF
:1087F000802B0CBF01230023DBB218460C37BD468B
:108800005DF8047B704780B483B000AF78607B680C
:108810005B68DBB218460C37BD465DF8047B7047D9
:1088200080B483B000AF78600B46FB70FA787B6849
:108830005A6000BF0C37BD465DF8047B704780B5B9
:1088400086B002AFF860B9607A60FB70FB687A6846
:108850001A60FB68FA781A71FB68BA689A60FB685C
:1088600003F10C00BB8C0093FB69BA680121FFF790
:10887000C7FDFB6803F13C003B8C0093BB69BA6801
:108880000221FFF7BDFD3B8C002B05D03B8C1A4627
:108890000021B86900F0FEF9BB8C002B05D0BB8C21
:1088A0001A460021F86900F0F5F9FB681B681846C4
:1088B000FFF760FFFB681B681846FFF715FF0123F1
:1088C00018461037BD4680BD80B584B000AF7860D3
:1088D0007B680C3307F10F0211461846FFF709FEBB
:1088E0000346002B01D0FB7B01E04FF0FF3318461D
:1088F0001037BD4680BD80B582B000AF78600B46B2
:10890000FB7000BF7B683C33FA7811461846FFF7CE
:10891000AAFD034683F00103DBB2002BF2D17B6892
:108920001B681846FFF703FF00BF0837BD4680BD30
:1089300080B582B000AF7860396008E03B681B7892
:1089400019467868FFF7D7FF3B6801333B603B6807
:108950001B78002BF2D100BF00BF0837BD4680BD99
:1089600080B586B000AFF860B9601346FB71002394
:10897000FB7508E0BB681B781946F868FFF7BBFF7A
:10898000FB7D0133FB75FA7DFB799A42F2D300BF80
:1089900000BF1837BD4680BD80B582B000AF78609B
:1089A0007B680C331846FFF7E5FD03461846083789
:1089B000BD4680BD80B584B000AF78607B681B6821
:1089C0001846FFF722FE0346002B04D07B681B6885
:1089D0001846FFF777FE7B681B681846FFF7EFFD28
:1089E0000346002B04D07B681B681846FFF746FE41
:1089F0007B681B681846FFF7F5FD0346002B04D083
:108A00007B681B681846FFF74BFE7B681B6818469F
:108A1000FFF70EFE0346002B15D07B681B68184637
:108A2000FFF7CBFE0346002B0DD07B681B68184672
:108A3000FFF7E9FE0346FB737B680C33FA7B1146B4
:108A40001846FFF710FD7B681B681846FFF703FE0A
:108A50000346002B1FD07B681B681846FFF7C0FE3B
:108A60000346002B17D07B683C3307F10E021146FA
:108A70001846FFF73EFD0346002B07D07B681B68B6
:108A8000BA7B11461846FFF7CBFE04E07B681B68F3
:108A90001846FFF76FFE00BF1037BD4680BD0A22A3
:108AA000002100F07BB80000242B2DE9F04786461A
:108AB000904601D8012B06D100F014F9162303606B
:108AC0000020BDE8F08734480D462A4615F8014BD2
:108AD000065D16F00806F8D12D2C10D12C78012651
:108AE000951C33F0100215D1302C0DD12A7802F0EC
:108AF000DF02582A08D16C78023510230AE02B2CAB
:108B000004BF2C78951CECE7002BF6D1302C14BF59
:108B10000A23082306F1004C0CF1FF3C0022BCFBA9
:108B2000F3F9104603FB19CAA4F13007092F0FD837
:108B30003C46A3421BDD571C07D0814514D301D10D
:108B4000A24511DB00FB0340012215F8014BEBE7C6
:108B5000A4F14107192F01D8373CEAE7A4F16107D6
:108B6000192F04D8573CE4E74FF0FF32EDE7531CD0
:108B700008D12223CEF800306046B8F1000FA0D013
:108B8000691E06E006B14042B8F1000F99D0002AF4
:108B9000F6D1C8F8001094E7419E000813460A4633
:108BA000014602480068FFF77FBF00BFB401002004
:108BB0000CB430B5184B0C1E1D689DB008DA8B2321
:108BC0002B604FF0FF301DB0BDE8304002B0704761
:108BD0004FF40273ADF814304FF000031B9314BF31
:108BE00004F1FF332346049307934FF6FF7302907B
:108BF0000690ADF81630209A21AB02A928460193C1
:108C000000F0FEF9431CBCBF8B232B60002CDAD094
:108C1000029B00221A70D6E7B40100200EB410B5F2
:108C20009DB01FAB029006906FF000410A4807917B
:108C300004910A4953F8042B0591002402A9006805
:108C400001931B9400F0DCF9029B1C701DB0BDE881
:108C5000104003B0704700BFB40100200802FFFFBE
:108C6000884210B501EB020402D98442234607D89A
:108C7000431EA14208D011F8012B03F8012FF8E799
:108C8000024401468A4200D110BD13F8014D02F89A
:108C9000014DF7E702440346934200D1704703F8C1
:108CA000011BF9E7C9B20346184613F8012B12B1AC
:108CB0008A42F9D17047002918BF0020704710B5CB
:108CC0000139034632B111F8014F03F8014B013A63
:108CD000002CF7D11A440021934200D110BD03F8B3
:108CE000011BF9E7014B1868704700BFB401002071
:108CF00070B50D4D0D4C641BA4100026A64209D181
:108D00000B4D0C4C00F04AFC641BA4100026A6423C
:108D100005D170BD55F8043B98470136EEE755F88C
:108D2000043B98470136F2E77C9F00087C9F0008CF
:108D30007C9F0008809F0008704770470A4491425A
:108D400000F1FF3300D1704710B511F8014B03F863
:108D5000014F9142F9D110BD38B50546002941D0E7
:108D600051F8043C0C1F002BB8BFE41800F0E0F8E9
:108D70001D4A136833B9636014602846BDE8384063
:108D800000F0DCB8A34208D9206821188B4201BF4B
:108D900019685B6809182160EDE71A465B680BB13A
:108DA000A342FAD911685018A0420BD1206801449F
:108DB000501883421160E0D118685B685360084422
:108DC0001060DAE702D90C232B60D6E7206821185F
:108DD0008B4204BF19685B68636004BF0918216097
:108DE0005460CAE738BD00BF1C14002070B50F4E98
:108DF0000C463168054611B900F08AFB3060214607
:108E0000284600F085FB431C03D14FF0FF34204679
:108E100070BDC41C24F00304A042F8D0211A2846D7
:108E200000F076FB0130F2D1EFE700BF181400200C
:108E30002DE9F843CD1C25F0030508350C2D38BF6E
:108E40000C25002D064601DBA94204D90C23336012
:108E50000020BDE8F883DFF8D48000F069F8D8F886
:108E600000301C4644BB29463046FFF7BFFF431C79
:108E7000044658D1D8F800402746002F43D1002C93
:108E80004BD023683946304604EB030900F040FB21
:108E9000814542D121686D1A29463046FFF7A6FF69
:108EA00001303AD023682B442360D8F800305A6848
:108EB00062BBC8F800700FE02268521B20D40B2A56
:108EC00017D96119A342256018BF5960636808BFAC
:108ED000C8F8001062514B60304600F02FF804F1E2
:108EE0000B00231D20F00700C21A1CBF1B1AA35041
:108EF000AFE76268A3420CBFC8F800205A60EBE7F6
:108F000023466468AEE73C467F68B6E71A465B686E
:108F1000A342FBD100235360DEE70C2333603046CD
:108F200000F00CF894E70560D6E700BF1C140020A1
:108F30000148FFF701BF00BF141400200148FFF7EC
:108F4000FCBE00BF141400202DE9F0478E681F46B8
:108F5000BE420B6882460C4690462DD8B1F90C20D3
:108F600012F4906F26D06569096905EB4505A3EBFE
:108F7000010905EBD5757B1C4B446D109D4238BF34
:108F80001D46530527D52946FFF752FF064660B315
:108F900021694A46FFF7D2FEA38923F4906343F088
:108FA0008003A381266165614E44A5EB0905266017
:108FB000A5603E46BE4200D93E4620683246414644
:108FC000FFF74EFEA3689B1BA36023683344236016
:108FD0000020BDE8F0872A4600F0AAFA06460028DD
:108FE000E0D121695046FFF7B7FE0C23CAF80030E4
:108FF000A38943F04003A3814FF0FF30E9E700006D
:109000002DE9F04F98468B891B069DB007460D460B
:10901000144610D50B6973B94021FFF709FF28608A
:10902000286130B90C233B604FF0FF301DB0BDE824
:10903000F08F40236B610023099320238DF82930A2
:10904000CDF80C803023DFF89C818DF82A304FF06A
:10905000010923469A4613F8012B0AB1252AF9D1B2
:10906000BAEB040B0BD05B46224629463846FFF785
:109070006BFF013000F0A780099A5A4409929AF8D0
:109080000030002B00F09F8000234FF0FF32CDE92D
:1090900005230AF1010A049307938DF853301A93BC
:1090A0005446052214F8011B4E48F7F7A9F8049A14
:1090B000D8B9D00644BF20238DF85330110744BFE0
:1090C0002B238DF853309AF800302A2B15D0079AAD
:1090D000544600204FF00A0C214611F8013B303B6A
:1090E000092B4BD9B0B1079214E0A0EB080309FAA1
:1090F00003F313430493A246D2E7039B191D1B6895
:109100000391002BBBBF5B4242F00202079307931F
:10911000B8BF049223782E2B0AD163782A2B32D140
:10912000039B1A1D1B68039243EAE3730234059301
:10913000DFF8C0A0217803225046F7F761F838B174
:10914000049BA0EB0A0040228240134301340493A5
:1091500014F8011B24488DF828100622F7F750F860
:10916000002836D0214B1BBB039B073323F007039A
:1091700008330393099B334409936AE70CFB0232DB
:109180000C460120A8E700230134059319464FF04F
:109190000A0C204610F8012B303A092A03D9002B7B
:1091A000C6D00591C4E70CFB012104460123F0E77A
:1091B00003AB00932A460E4B04A93846AFF3008058
:1091C000421C0646D6D1AB895B063FF52DAF099808
:1091D0002CE703AB00932A46054B04A9384600F060
:1091E00079F8EDE7419F00084B9F00080000000060
:1091F000498F0008479F00082DE9F047164698461A
:109200008A680B69DDF820909342B8BF134633603B
:1092100091F8432007460C460AB1013333602368B6
:10922000990642BF336802333360256815F006059E
:1092300006D104F1190AE36832689B1AAB4226DCB6
:1092400094F843302268003B18BF012392062BD4C8
:1092500004F1430241463846C84701301ED0236816
:10926000226903F00603042B02BFE5683368ED1A98
:10927000A3680CBF25EAE57500259342C4BF9B1A7D
:10928000ED1800261A34B5421AD1002008E0012357
:10929000524641463846C847013003D14FF0FF30AF
:1092A000BDE8F0870135C6E7E1185A1C302081F887
:1092B0004300224494F8451082F843100233C7E774
:1092C0000123224641463846C8470130E6D00136E0
:1092D000D9E700002DE9FF470F7E0C9E782F9146BD
:1092E00080460C469A4601F1430207D8622F0AD8FD
:1092F000002F00F0D180582F00F0B88004F1420612
:1093000084F842703AE0A7F16303152BF6D801A167
:1093100051F823F06D93000881930008FD92000836
:10932000FD920008FD920008FD920008819300085C
:10933000FD920008FD920008FD920008FD920008D1
:109340007F940008AB93000839940008FD92000850
:10935000FD920008A1940008FD920008AB9300085C
:10936000FD920008FD9200084194000833681A1D20
:109370001B68326004F1420684F8423001239CE00D
:1093800033682068191D3160060601D51D6803E0A9
:109390004506FBD5B3F90050002D03DA2D236D42AD
:1093A00084F8433058480A2311E0216833680806DE
:1093B00053F8045B02D4490648BFADB26F2F524840
:1093C000336014BF0A230823002184F84310666821
:1093D000A660002E05DB21682E4321F004012160E8
:1093E0004BD01646B5FBF3F103FB1157C75D06F8EA
:1093F000017D2F46BB420D46F4D9082B0BD12368C3
:10940000DF0708D5236961689942DEBF302306F87B
:10941000013C06F1FF36921B2261CDF800A04B46BD
:1094200003AA21464046FFF7E7FE01304AD14FF03C
:10943000FF3004B0BDE8F087236843F020032360C9
:109440003248782784F84570236831681F0651F840
:10945000045B02D45F0648BFADB23160D90744BF98
:1094600043F0200323601DB11023ADE72648E9E750
:10947000236823F020032360F6E71646BDE7336830
:1094800025686169181D30602E061B6801D51960BA
:1094900002E06806FBD51980002323611646BCE76D
:1094A00033681A1D32601E68626800213046F6F784
:1094B000A7FE08B1801B606063682361002384F805
:1094C0004330AAE72369324649464046D047013037
:1094D000ADD023689B0713D4E068039B9842B8BFC4
:1094E0001846A6E70123324649464046D047013098
:1094F0009DD00135E36803995B1AAB42F2DCEBE7E0
:10950000002504F11906F5E7529F0008639F000843
:1095100038B5064D0023044608462B60FBF7AEF92C
:10952000431C02D12B6803B1236038BD1014002006
:109530002DE9F041074614460D4621B9BDE8F0413A
:109540001146FFF775BC2AB9FFF706FC25462846E9
:10955000BDE8F08100F01AF88442064602D8B4EB68
:10956000500FF4D821463846FFF762FC804608B910
:109570004546ECE7B4422246294628BF3246FFF76B
:10958000DDFB29463846FFF7E7FBF1E751F8043CDD
:10959000181F002BBCBF0B58C0187047F8B500BF90
:1095A000F8BC08BC9E467047F8B500BFF8BC08BCC4
:0495B0009E4670471C
:1095B40000000140001000006000000000000000F6
:1095C4000000000000000000000000000004004053
:1095D4001000000060000000000000000000000017
:1095E400000000000000000048562043415020467F
:1095F400494E4953484544204348415247494E4700
:1096040020544F202564560A0D0000004C56204378
:1096140041502046494E495348454420434841520D
:1096240047494E4720544F202564560A0D00000038
:109634004856204341502046494E4953484544200A
:1096440052454C454153494E4720544F2030560A09
:109654000D0000004C56204341502046494E4953CA
:109664004845442052454C454153494E4720544FA8
:109674002030560A0D00000048454C500000000000
:10968400666F726D61743A2068656C70000000004A
:1096940052455345540000005265736574204D4390
:1096A400553A20726573657400000000434C520003
:1096B400436C656172732074686520636F6E736FA9
:1096C4006C6500005345545F4341505F564F4C5402
:1096D4005F414C4C00000000666F726D61743A206B
:1096E4005345545F4341505F564F4C545F414C4C7B
:1096F400205B48565F566F6C745D205B4C565F561A
:109704006F6C745D000000005345545F4341505F2B
:10971400564F4C545F485600666F726D61743A2020
:109724005345545F4341505F564F4C545F48562055
:109734005B48565F566F6C745D0000005345545F80
:109744004341505F564F4C545F4C5600666F726DE8
:1097540061743A205345545F4341505F564F4C5413
:109764005F4C56205B4C565F566F6C745D00000076
:109774005345545F4341505F434F4E54524F4C0046
:10978400666F726D61743A205345545F4341505F74
:10979400434F4E54524F4C205B4E5D205B535D0053
:1097A4005345545F4341505F52454C454153450036
:1097B400666F726D61743A205345545F4341505F44
:1097C40052454C45415345205B4E5D205B535D0043
:1097D4004745545F4341505F564F4C5400000000CE
:1097E400666F726D61743A204745545F4341505F20
:1097F400564F4C54200000004745545F4341505F8E
:1098040052454C4541534500666F726D61743A2070
:109814004745545F4341505F52454C4541534500D1
:109824004745545F4341505F434F4E54524F4C00A1
:10983400666F726D61743A204745545F4341505FCF
:10984400434F4E54524F4C004745545F4341505F81
:10985400414C4C00666F726D61743A204745545F09
:109864004341505F414C4C001B5B324A00000000F6
:109874000A0D3E20434D444C494E455F544F4F5FC3
:109884004645575F41524753000000000A0D3E20F1
:10989400434D444C494E455F544F4F5F4D414E59E3
:1098A4005F415247530A0D000A0D3E20434D444C7C
:1098B400494E455F494E56414C49445F4152470029
:1098C4000A0D3E2048562043415020495320434826
:1098D400415247494E472C20504C45415345204462
:1098E400495341424C45204348415247494E472041
:1098F4004245464F524520534554204E4557205625
:109904004F4C54000A0D3E204C56204341502049F0
:1099140053204348415247494E472C20504C45411F
:1099240053452044495341424C4520434841524702
:10993400494E47204245464F524520534554204EF8
:10994400455720564F4C54000A0D3E20434D444C7D
:10995400494E455F4F4B00000A0D3E20434D444C99
:10996400494E455F544F4F5F4D414E595F415247F9
:10997400530000000A0D3E2043555252454E5420D8
:10998400485620564F4C542049532048494748458F
:1099940052205448414E20594F555220534554208B
:1099A400564F4C542C20504C454153452044495368
:1099B400434841524745204245464F52452043487B
:1099C400415247494E47000043555252454E542098
:1099D4004C5620564F4C542049532048494748453B
:1099E40052205448414E20594F555220534554203B
:1099F400564F4C542C20504C454153452044495318
:109A0400434841524745204245464F52452043482A
:109A1400415247494E470A0D00000000434D444C53
:109A2400494E455F4F4B0A0D000000000A0D3E20D1
:109A34004856204341502049532053455420415413
:109A44003A202564562C204C56204341502049533B
:109A5400205345542041543A202564560000000008
:109A64000A0D3E2048562043415020495320434884
:109A7400415247494E4700000A0D3E2048562043B4
:109A84004150204953204E4F5420434841524749A6
:109A94004E4700000A0D3E204C56204341502049B9
:109AA40053204348415247494E4700000A0D3E2087
:109AB4004C5620434150204953204E4F5420434894
:109AC400415247494E4700000A0D3E204856204364
:109AD4004150204953204449534348415247494E39
:109AE400470000000A0D3E204856204341502049BB
:109AF40053204E4F54204449534348415247494E02
:109B0400470000000A0D3E204C5620434150204996
:109B140053204449534348415247494E47000000AB
:109B24000A0D3E204C5620434150204953204E4FAD
:109B340054204449534348415247494E470000008A
:109B4400256C640044454255475F5541525400001A
:109B540048454C4C4F0A0D004750505F55415254F4
:109B6400000000003E2000000D0A00001B5B4300C3
:109B74001B5B44001B5B73001B5B75001B5B40009D
:109B84001B5B50003E20000020000000000000008D
:109B94002D6800002D2D68656C7000001B5B257519
:109BA4002563000048656C70206973206E6F742013
:109BB400617661696C61626C65000000556E636179
:109BC4007465676F72697A65640000005B00000069
:109BD4005D00000020202020000000007C20000008
:109BE400286E6F2068656C7029000000436F6D6DEE
:109BF400616E643A2000000043617465676F727996
:109C04003A20000048656C703A200000436F6D6D87
:109C1400616E64202268656C7022207265636569D8
:109C2400766573206F6E65206F72207A65726F207F
:109C3400617267756D656E74730000004552524F12
:109C44005221212120556E6B6E6F776E20636F6DEC
:109C54006D616E643A2022002200000000000000C2
:109C640004040400000008000000080000020406C8
:109C7400080A0C00000000007C9600088496000886
:109C84000000000000000000FD7400080000000057
:109C9400949600089C960008000000000000000054
:109CA400B12A000800000000B0960008B49600082D
:109CB40000000000000000007D2A000800000000F1
:109CC400C8960008DC9600080100000000000000AF
:109CD400C12A0008000000000C9700081C97000827
:109CE4000100000000000000C12B0008000000007B
:109CF4004097000850970008010000000000000091
:109D0400692C00080000000074970008849700087C
:109D140001000000000000000D2D000800000000FC
:109D2400A4970008B4970008010000000000000098
:109D3400512E000800000000D4970008E4970008A2
:109D440000000000000000001D2F000800000000BB
:109D5400FC9700080C9800080000000000000000B8
:109D6400053000080000000024980008349800081A
:109D74000000000000000000892F0008000000001F
:109D84004C980008589800080000000000000000EB
:109D940081300008980E0020010000009C0E002075
:109DA400020000009A0E0020020000009E0E002017
:109DB400010000009F0E002001000000A00E002002
:109DC40001000000A10E002001000000A20E0020EE
:109DD40001000000A60E002002000000A40E0020D6
:109DE40002000000A80E002001000000A90E0020BF
:109DF40001000000AA0E002001000000AB0E0020AC
:109E040001000000AC0E002001000000AD0E002097
:109E14000100000000000000040404000000080029
:109E2400000008000000000000000000010203041C
:109E34000607080900000000010203040020202096
:109E440020202020202028282828282020202020E6
:109E540020202020202020202020202020881010B6
:109E64001010101010101010101010101004040412
:109E740004040404040404101010101010104141D0
:109E840041414141010101010101010101010101BE
:109E940001010101010101011010101010104242D2
:109EA400424242420202020202020202020202028E
:109EB400020202020202020210101010200000002E
:109EC400000000000000000000000000000000008E
:109ED400000000000000000000000000000000007E
:109EE400000000000000000000000000000000006E
:109EF400000000000000000000000000000000005E
:109F0400000000000000000000000000000000004D
:109F1400000000000000000000000000000000003D
:109F2400000000000000000000000000000000002D
:109F340000000000000000000000000000232D309D
:109F44002B2000686C4C006566674546470030313D
:109F5400323334353637383941424344454600308C
:109F640031323334353637383961626364656600BB
:089F74005C62FF7F01000000A8
:049F7C00B501000823
:049F80009101000843
:109F8400050000007918000800000000020000002D
:109F940000000000010000001D1B0008000000007C
:109FA4000A0000000000000001000000A5360008BF
:109FB4000000000014000000000000000100000088
:109FC4001932000800000000320000000000000008
:109FD40001000000770F000800000000A0860100C7
:109FE40000000000010000001E0000000A00320012
:109FF400000014004B00000019006400000023005E
:10A00400960000002800C80000002D00FA0000009F
:10A014002D00130100002D002C0100002D00000074
:10A024000A0000000A00140000000F001E000000D7
:10A034001400280000001400320000001400000086
:10A044002C010000000000000000000000000000DF
:10A0540000000000000000000000000000000000FC
:10A0640000000000000000000000000000000000EC
:10A0740000000000000000000000000000000000DC
:10A084000000000000000000000000006800002044
:10A09400000000090000000043EDA93D000000009D
:10A0A400320000000000000000000000000000007A
:10A0B400000000000000000000000000000000009C
:10A0C400000000000000000000000000000000008C
:10A0D400000000000000000000000000000000007C
:10A0E400000000000000000000000000A0000020AC
:10A0F400000000050000000080CE5F3C000000006E
:10A10400C000002020010020211000202511002083
:10A114000024F4006C9B0008709B0008749B0008EA
:10A12400789B00087C9B0008809B0008849B0008A7
:10A13400E8030000B801002000000000D81200204D
:10A1440040130020A81300200000000000000000BD
:10A1540000000000000000000000000000000000FB
:10A1640000000000000000000000000000000000EB
:10A1740000000000000000000000000000000000DB
:04A1840000000000D7
:040000050800490D99
:00000001FF
